#node1	node2	node1_string_id	node2_string_id	neighborhood_on_chromosome	gene_fusion	phylogenetic_cooccurrence	homology	coexpression	experimentally_determined_interaction	database_annotated	automated_textmining	combined_score
ABHD12B	ABHD8	9606.ENSP00000336693	9606.ENSP00000247706	0.043	0	0	0	0.084	0	0	0.526	0.548
ABHD12B	RASL10B	9606.ENSP00000336693	9606.ENSP00000474230	0	0	0	0	0.047	0.042	0	0.411	0.416
ABHD12B	ABHD4	9606.ENSP00000336693	9606.ENSP00000414558	0.043	0	0	0	0.084	0	0	0.518	0.540
ABHD4	ABHD8	9606.ENSP00000414558	9606.ENSP00000247706	0	0	0	0	0.047	0	0	0.454	0.458
ABHD4	PLAAT5	9606.ENSP00000414558	9606.ENSP00000301790	0	0	0	0	0.047	0	0	0.426	0.430
ACTN2	HRC	9606.ENSP00000355537	9606.ENSP00000252825	0	0	0	0	0.410	0	0	0.167	0.488
ACTN2	MMP10	9606.ENSP00000355537	9606.ENSP00000279441	0	0	0	0	0.060	0	0	0.405	0.416
ACTN2	NRG1	9606.ENSP00000355537	9606.ENSP00000287842	0	0	0	0	0	0.059	0.400	0.052	0.418
ACTN2	DMPK	9606.ENSP00000355537	9606.ENSP00000345997	0	0	0	0	0.048	0.052	0	0.484	0.493
ACTN2	MYOZ1	9606.ENSP00000355537	9606.ENSP00000352272	0	0	0	0	0.410	0.926	0	0.961	0.998
ACTN2	DTNA	9606.ENSP00000355537	9606.ENSP00000470152	0	0	0	0	0.133	0	0	0.370	0.430
ACTN2	CRYAB	9606.ENSP00000355537	9606.ENSP00000433560	0	0	0	0	0.152	0.090	0	0.440	0.530
ACTN2	DLG2	9606.ENSP00000355537	9606.ENSP00000365272	0	0	0	0	0.119	0.069	0.400	0.161	0.532
ACTN2	CAMK2B	9606.ENSP00000355537	9606.ENSP00000379098	0	0	0	0	0.151	0.070	0.400	0.442	0.700
ACTN2	TPM2	9606.ENSP00000355537	9606.ENSP00000496494	0	0	0	0	0.229	0.479	0	0.451	0.760
ACTN2	TNNT1	9606.ENSP00000355537	9606.ENSP00000467176	0	0	0	0	0.376	0.058	0	0.644	0.772
ACTN2	DLG4	9606.ENSP00000355537	9606.ENSP00000497806	0	0	0	0	0.104	0.319	0.400	0.576	0.824
ACTN2	TNNT2	9606.ENSP00000355537	9606.ENSP00000499593	0	0	0	0	0.369	0.058	0	0.865	0.913
ADAM11	DLG2	9606.ENSP00000200557	9606.ENSP00000365272	0	0	0	0	0.116	0.091	0	0.419	0.492
ADAM11	DLG4	9606.ENSP00000200557	9606.ENSP00000497806	0	0	0	0	0.186	0.091	0	0.450	0.557
ADAMTS6	COMP	9606.ENSP00000370443	9606.ENSP00000222271	0	0	0	0	0.049	0.046	0	0.430	0.438
ADCY5	PDE1B	9606.ENSP00000419361	9606.ENSP00000243052	0	0	0	0	0.067	0	0.650	0.559	0.843
ADCY5	AGMO	9606.ENSP00000419361	9606.ENSP00000341662	0	0	0	0	0	0	0	0.678	0.678
ADCY5	CAMK2B	9606.ENSP00000419361	9606.ENSP00000379098	0	0	0	0	0.109	0.063	0.650	0.180	0.728
ADCY5	DGKB	9606.ENSP00000419361	9606.ENSP00000385780	0	0	0	0	0.081	0	0	0.925	0.928
ADCY5	PRRT2	9606.ENSP00000419361	9606.ENSP00000456226	0	0	0	0	0.106	0.052	0	0.419	0.465
ADCY5	ADRA2B	9606.ENSP00000419361	9606.ENSP00000480573	0	0	0	0	0.083	0	0.500	0.086	0.544
ADCY5	AVPR2	9606.ENSP00000419361	9606.ENSP00000496396	0	0	0	0	0.061	0	0.500	0.269	0.626
ADCYAP1R1	SCTR	9606.ENSP00000483721	9606.ENSP00000019103	0	0	0	0.926	0.048	0	0.400	0.096	0.438
ADCYAP1R1	SCT	9606.ENSP00000483721	9606.ENSP00000176195	0	0	0	0	0	0	0.400	0.667	0.791
ADCYAP1R1	NTRK2	9606.ENSP00000483721	9606.ENSP00000277120	0	0	0	0	0.214	0	0.500	0.471	0.774
ADCYAP1R1	UCN	9606.ENSP00000483721	9606.ENSP00000296099	0	0	0	0	0	0.307	0	0.231	0.444
ADCYAP1R1	PLXNB3	9606.ENSP00000483721	9606.ENSP00000442736	0	0	0	0	0.072	0	0	0.402	0.421
ADD2	SPTBN4	9606.ENSP00000264436	9606.ENSP00000469242	0	0	0	0	0.068	0	0	0.516	0.529
ADD2	IP6K3	9606.ENSP00000264436	9606.ENSP00000293756	0	0	0	0	0	0	0	0.588	0.588
ADGRB1	SCT	9606.ENSP00000430945	9606.ENSP00000176195	0	0	0	0	0.085	0	0	0.416	0.443
ADGRB1	BAIAP3	9606.ENSP00000430945	9606.ENSP00000324510	0	0	0	0	0.070	0.292	0	0.815	0.867
ADGRB1	NLGN1	9606.ENSP00000430945	9606.ENSP00000392500	0	0	0	0	0.067	0	0	0.398	0.414
ADGRB1	DLG4	9606.ENSP00000430945	9606.ENSP00000497806	0	0	0	0	0.086	0.301	0	0.527	0.671
ADRA2B	ASTL	9606.ENSP00000480573	9606.ENSP00000343674	0	0.057	0	0	0.107	0	0	0.348	0.403
ADRA2B	RGS16	9606.ENSP00000480573	9606.ENSP00000356529	0	0	0	0	0.044	0	0.500	0.046	0.504
ADRA2B	AVPR2	9606.ENSP00000480573	9606.ENSP00000496396	0	0	0	0	0.238	0	0	0.285	0.432
ADSS1	NAT8L	9606.ENSP00000333019	9606.ENSP00000413064	0	0	0	0	0.047	0	0.900	0	0.900
AGMO	DGKB	9606.ENSP00000341662	9606.ENSP00000385780	0	0	0	0	0.083	0	0	0.720	0.732
ALAD	GPX3	9606.ENSP00000386284	9606.ENSP00000373477	0.042	0	0	0	0.060	0	0	0.519	0.529
ALAD	ENDOV	9606.ENSP00000386284	9606.ENSP00000429190	0.120	0	0	0	0.199	0.079	0	0.349	0.521
ALDH3A1	GSTM2	9606.ENSP00000411821	9606.ENSP00000241337	0	0	0	0	0.055	0.053	0.650	0.210	0.719
ALDH3A1	GSTM1	9606.ENSP00000411821	9606.ENSP00000311469	0	0	0	0	0.056	0.053	0.650	0.304	0.753
ALDH3A1	AOC3	9606.ENSP00000411821	9606.ENSP00000312326	0	0	0	0	0.079	0.071	0.918	0.096	0.928
ALDH3A1	CYP1B1	9606.ENSP00000411821	9606.ENSP00000478561	0	0	0	0	0.110	0.045	0.138	0.619	0.684
ALOX12	TMEM40	9606.ENSP00000251535	9606.ENSP00000322837	0	0	0	0	0.404	0	0	0	0.404
ALOX12	ALOX12B	9606.ENSP00000251535	9606.ENSP00000497784	0	0	0.098	0.883	0.096	0	0.900	0.148	0.921
ALOX12B	ALOXE3	9606.ENSP00000497784	9606.ENSP00000314879	0	0	0.062	0.956	0.270	0.292	0	0.083	0.496
ANKRD24	C1QTNF4	9606.ENSP00000471252	9606.ENSP00000302274	0	0	0	0	0.118	0.095	0	0.492	0.559
AOC3	IL7	9606.ENSP00000312326	9606.ENSP00000263851	0	0	0	0	0	0	0	0.510	0.510
AOC3	RORC	9606.ENSP00000312326	9606.ENSP00000327025	0	0	0	0	0.062	0	0	0.391	0.404
AOC3	PXDNL	9606.ENSP00000312326	9606.ENSP00000348645	0	0	0	0	0	0	0	0.479	0.479
AOC3	IL17A	9606.ENSP00000312326	9606.ENSP00000497968	0	0	0	0	0	0	0	0.695	0.695
APC2	TCF7L1	9606.ENSP00000442954	9606.ENSP00000282111	0	0	0	0	0	0.071	0.650	0.166	0.705
APC2	ARHGEF4	9606.ENSP00000442954	9606.ENSP00000316845	0	0	0	0	0.127	0.051	0.900	0.249	0.929
APOD	APOE	9606.ENSP00000345179	9606.ENSP00000252486	0	0	0	0	0.109	0	0	0.932	0.936
APOD	MMP3	9606.ENSP00000345179	9606.ENSP00000299855	0	0	0	0	0.043	0	0	0.473	0.474
APOD	FGF14	9606.ENSP00000345179	9606.ENSP00000365301	0	0	0	0	0.107	0	0	0.567	0.597
APOE	TIMP1	9606.ENSP00000252486	9606.ENSP00000218388	0	0	0	0	0.050	0	0	0.472	0.476
APOE	SERPINE1	9606.ENSP00000252486	9606.ENSP00000223095	0	0	0	0	0.081	0	0	0.583	0.601
APOE	MGP	9606.ENSP00000252486	9606.ENSP00000228938	0	0	0	0	0.064	0	0	0.440	0.454
APOE	CTSD	9606.ENSP00000252486	9606.ENSP00000236671	0	0	0	0	0.182	0	0	0.722	0.763
APOE	PLIN1	9606.ENSP00000252486	9606.ENSP00000300055	0	0	0	0	0.049	0.052	0	0.391	0.403
APOE	CXCL1	9606.ENSP00000252486	9606.ENSP00000379110	0	0	0	0	0.056	0	0	0.418	0.427
APOE	DLG4	9606.ENSP00000252486	9606.ENSP00000497806	0	0	0	0	0.063	0	0	0.479	0.490
APOE	FABP4	9606.ENSP00000252486	9606.ENSP00000256104	0	0	0	0	0.104	0	0	0.479	0.513
APOE	PPARGC1A	9606.ENSP00000252486	9606.ENSP00000264867	0	0	0	0	0.074	0	0	0.506	0.522
APOE	CRYAB	9606.ENSP00000252486	9606.ENSP00000433560	0	0	0	0	0.097	0	0	0.494	0.523
APOE	PXDNL	9606.ENSP00000252486	9606.ENSP00000348645	0	0	0	0	0.060	0	0	0.600	0.608
APOE	NGF	9606.ENSP00000252486	9606.ENSP00000358525	0	0	0	0	0	0	0	0.609	0.609
APOE	TMCC2	9606.ENSP00000252486	9606.ENSP00000350718	0	0	0	0	0.042	0.366	0	0.489	0.662
APOE	IL17A	9606.ENSP00000252486	9606.ENSP00000497968	0	0	0	0	0.067	0	0	0.678	0.686
APOE	GPIHBP1	9606.ENSP00000252486	9606.ENSP00000480053	0	0	0	0	0.086	0	0.400	0.507	0.706
APOE	GPX3	9606.ENSP00000252486	9606.ENSP00000373477	0	0	0	0	0.145	0	0	0.681	0.715
APOE	MMP10	9606.ENSP00000252486	9606.ENSP00000279441	0	0	0	0	0.056	0.507	0	0.439	0.716
APOE	BGN	9606.ENSP00000252486	9606.ENSP00000327336	0	0	0	0	0.178	0	0	0.677	0.723
APOE	CYP46A1	9606.ENSP00000252486	9606.ENSP00000261835	0	0	0	0	0.044	0	0	0.740	0.740
APOE	MMP3	9606.ENSP00000252486	9606.ENSP00000299855	0	0	0	0	0.056	0.688	0	0.441	0.821
APOE	MAPT	9606.ENSP00000252486	9606.ENSP00000340820	0	0	0	0	0.044	0.701	0	0.973	0.991
AQP7	FABP4	9606.ENSP00000297988	9606.ENSP00000256104	0	0	0	0	0.098	0	0	0.405	0.440
AQP7	DTNA	9606.ENSP00000297988	9606.ENSP00000470152	0	0	0	0	0	0.476	0	0	0.476
AQP7	PLIN4	9606.ENSP00000297988	9606.ENSP00000488481	0	0	0	0	0.154	0.065	0	0.436	0.515
AQP7	PLIN1	9606.ENSP00000297988	9606.ENSP00000300055	0	0	0	0	0.279	0.309	0	0.616	0.792
ARC	NTRK2	9606.ENSP00000349022	9606.ENSP00000277120	0	0	0	0	0.063	0.056	0	0.585	0.601
ARC	DLG2	9606.ENSP00000349022	9606.ENSP00000365272	0	0	0	0	0.081	0.142	0	0.428	0.510
ARC	CAMK2B	9606.ENSP00000349022	9606.ENSP00000379098	0	0	0	0	0.060	0.216	0	0.738	0.790
ARC	DLG4	9606.ENSP00000349022	9606.ENSP00000497806	0	0	0	0	0.106	0.484	0	0.612	0.805
ASPHD1	ZG16	9606.ENSP00000311447	9606.ENSP00000383563	0	0	0	0	0	0	0	0.543	0.543
ASPHD1	PRRT2	9606.ENSP00000311447	9606.ENSP00000456226	0	0	0	0	0.118	0	0	0.586	0.619
ASPHD1	YPEL3	9606.ENSP00000311447	9606.ENSP00000381821	0	0	0	0	0	0	0	0.687	0.687
ASTL	TIMP1	9606.ENSP00000343674	9606.ENSP00000218388	0	0	0	0	0.085	0	0	0.716	0.729
ASTL	IZUMO1	9606.ENSP00000343674	9606.ENSP00000327786	0	0	0	0	0	0	0	0.410	0.410
ATOH1	CLCA1	9606.ENSP00000302216	9606.ENSP00000234701	0	0	0	0	0.335	0.057	0	0.220	0.468
ATOH1	AVPR2	9606.ENSP00000302216	9606.ENSP00000496396	0	0	0	0	0	0	0	0.435	0.435
ATOH1	SPINK4	9606.ENSP00000302216	9606.ENSP00000369045	0	0	0	0	0.225	0	0	0.356	0.480
ATOH1	JAG2	9606.ENSP00000302216	9606.ENSP00000328169	0	0	0	0	0	0.077	0	0.460	0.481
ATOH1	FGF14	9606.ENSP00000302216	9606.ENSP00000365301	0	0	0	0	0.054	0	0	0.495	0.501
ATOH1	SIX1	9606.ENSP00000302216	9606.ENSP00000494686	0	0	0	0	0.055	0	0	0.552	0.559
ATP1B2	NNAT	9606.ENSP00000250111	9606.ENSP00000497164	0	0	0	0	0.086	0	0	0.384	0.413
ATP1B2	FXYD7	9606.ENSP00000250111	9606.ENSP00000270310	0	0	0	0	0.109	0	0.500	0.197	0.611
ATP1B2	FXYD1	9606.ENSP00000250111	9606.ENSP00000481244	0	0	0	0	0.105	0.042	0.900	0.208	0.923
ATP6V0A4	ATP6V1C2	9606.ENSP00000308122	9606.ENSP00000272238	0	0	0	0	0.157	0.748	0.540	0.839	0.982
ATP6V0A4	WDR72	9606.ENSP00000308122	9606.ENSP00000379619	0	0	0	0	0.042	0	0	0.435	0.435
ATP6V1C2	SLC4A11	9606.ENSP00000272238	9606.ENSP00000369399	0	0	0	0	0.098	0	0	0.366	0.404
ATP6V1C2	WDR72	9606.ENSP00000272238	9606.ENSP00000379619	0	0	0	0	0	0	0	0.512	0.512
AVPR2	TAS1R1	9606.ENSP00000496396	9606.ENSP00000331867	0	0	0	0	0.079	0	0	0.375	0.401
AVPR2	GPRASP1	9606.ENSP00000496396	9606.ENSP00000498934	0	0	0	0	0.059	0.045	0	0.647	0.655
B3GNT6	EEF1A2	9606.ENSP00000484640	9606.ENSP00000217182	0	0	0	0	0	0	0	0.520	0.520
B4GALNT1	CHPF	9606.ENSP00000341562	9606.ENSP00000243776	0	0	0	0	0.083	0	0	0.872	0.877
B4GALNT1	EXTL1	9606.ENSP00000341562	9606.ENSP00000363398	0	0	0	0	0.138	0.073	0	0.313	0.403
BAIAP3	SCTR	9606.ENSP00000324510	9606.ENSP00000019103	0	0	0	0	0	0	0	0.701	0.701
BCAM	PDZD4	9606.ENSP00000270233	9606.ENSP00000377355	0	0	0	0	0	0	0	0.749	0.749
BGLAP	COMP	9606.ENSP00000357255	9606.ENSP00000222271	0	0	0	0	0	0	0	0.480	0.480
BGLAP	MGP	9606.ENSP00000357255	9606.ENSP00000228938	0	0	0	0	0	0	0	0.933	0.933
BGLAP	FABP4	9606.ENSP00000357255	9606.ENSP00000256104	0	0	0	0	0	0	0	0.610	0.610
BGLAP	NTRK2	9606.ENSP00000357255	9606.ENSP00000277120	0	0	0	0	0	0	0	0.416	0.416
BGLAP	MMP3	9606.ENSP00000357255	9606.ENSP00000299855	0	0	0	0	0.055	0	0	0.448	0.456
BGLAP	WNT10B	9606.ENSP00000357255	9606.ENSP00000301061	0	0	0	0	0	0	0	0.526	0.526
BGLAP	BGN	9606.ENSP00000357255	9606.ENSP00000327336	0	0	0	0	0	0	0	0.512	0.512
BGLAP	NOG	9606.ENSP00000357255	9606.ENSP00000328181	0	0	0	0	0	0	0	0.709	0.709
BGLAP	PXDNL	9606.ENSP00000357255	9606.ENSP00000348645	0	0	0	0	0.075	0	0	0.599	0.614
BGLAP	FNDC5	9606.ENSP00000357255	9606.ENSP00000362570	0	0	0	0	0	0	0	0.446	0.446
BGLAP	BMP5	9606.ENSP00000357255	9606.ENSP00000359866	0	0	0	0	0	0	0	0.538	0.538
BGLAP	PTH1R	9606.ENSP00000357255	9606.ENSP00000402723	0	0	0	0	0.055	0	0	0.588	0.594
BGLAP	NFATC1	9606.ENSP00000357255	9606.ENSP00000389377	0	0	0	0	0	0	0	0.628	0.628
BGN	TIMP1	9606.ENSP00000327336	9606.ENSP00000218388	0	0	0	0	0.174	0.045	0	0.508	0.578
BGN	COMP	9606.ENSP00000327336	9606.ENSP00000222271	0	0	0	0	0.267	0.099	0	0.616	0.724
BGN	SERPINE1	9606.ENSP00000327336	9606.ENSP00000223095	0	0	0	0	0.133	0	0	0.359	0.420
BGN	MGP	9606.ENSP00000327336	9606.ENSP00000228938	0	0	0	0	0.336	0	0	0.431	0.606
BGN	CHPF	9606.ENSP00000327336	9606.ENSP00000243776	0	0	0	0	0.082	0	0.400	0.311	0.587
BGN	CILP	9606.ENSP00000327336	9606.ENSP00000261883	0	0	0	0	0.072	0	0	0.410	0.429
BGN	MMP3	9606.ENSP00000327336	9606.ENSP00000299855	0	0	0	0	0.161	0	0	0.527	0.586
BGN	CHST13	9606.ENSP00000327336	9606.ENSP00000317404	0	0	0	0	0	0	0.400	0.113	0.445
BGN	MMP1	9606.ENSP00000327336	9606.ENSP00000322788	0	0	0	0	0.126	0	0	0.441	0.491
BGN	UST	9606.ENSP00000327336	9606.ENSP00000356433	0	0	0	0	0	0	0.400	0.125	0.452
BGN	PRELP	9606.ENSP00000327336	9606.ENSP00000343924	0	0	0.183	0.701	0.182	0	0	0.561	0.681
BMP5	NOG	9606.ENSP00000359866	9606.ENSP00000328181	0	0	0	0	0	0	0.900	0.864	0.985
C16orf86	RAB42	9606.ENSP00000384117	9606.ENSP00000491546	0	0	0	0	0	0	0	0.431	0.431
C2CD2L	PRRT2	9606.ENSP00000338885	9606.ENSP00000456226	0	0	0	0	0	0.046	0	0.407	0.410
C7	C8G	9606.ENSP00000322061	9606.ENSP00000360697	0	0	0	0	0.140	0.900	0.900	0.405	0.994
CALB2	GRP	9606.ENSP00000307508	9606.ENSP00000256857	0	0	0	0	0.063	0.045	0	0.568	0.579
CALB2	NTRK2	9606.ENSP00000307508	9606.ENSP00000277120	0	0	0	0	0.099	0.099	0	0.373	0.446
CALB2	UCHL1	9606.ENSP00000307508	9606.ENSP00000284440	0	0	0	0	0.111	0	0	0.402	0.446
CALB2	CDKN2A	9606.ENSP00000307508	9606.ENSP00000418915	0	0	0	0	0	0.104	0	0.370	0.411
CALB2	DLG4	9606.ENSP00000307508	9606.ENSP00000497806	0	0	0	0	0.084	0.106	0	0.407	0.471
CALB2	PXDNL	9606.ENSP00000307508	9606.ENSP00000348645	0	0	0	0	0	0	0	0.474	0.474
CALB2	MPP2	9606.ENSP00000307508	9606.ENSP00000428182	0	0	0	0	0.085	0.106	0	0.428	0.491
CALB2	DLG2	9606.ENSP00000307508	9606.ENSP00000365272	0	0	0	0	0.083	0.106	0	0.456	0.515
CALB2	TH	9606.ENSP00000307508	9606.ENSP00000370571	0	0	0	0	0	0	0	0.731	0.731
CAMK2B	SYT1	9606.ENSP00000379098	9606.ENSP00000261205	0	0	0	0	0.124	0	0	0.496	0.539
CAMK2B	NRG1	9606.ENSP00000379098	9606.ENSP00000287842	0	0	0	0	0	0	0.400	0.071	0.418
CAMK2B	MAPT	9606.ENSP00000379098	9606.ENSP00000340820	0	0	0	0	0.223	0.108	0.900	0.204	0.937
CAMK2B	SYT3	9606.ENSP00000379098	9606.ENSP00000340914	0	0	0	0	0.109	0	0	0.405	0.447
CAMK2B	DLG2	9606.ENSP00000379098	9606.ENSP00000365272	0	0	0	0	0.113	0.128	0.400	0.335	0.650
CAMK2B	NLGN1	9606.ENSP00000379098	9606.ENSP00000392500	0	0	0	0	0.076	0	0	0.413	0.435
CAMK2B	MPP2	9606.ENSP00000379098	9606.ENSP00000428182	0	0.433	0	0	0.090	0.129	0	0.229	0.607
CAMK2B	DLG4	9606.ENSP00000379098	9606.ENSP00000497806	0	0	0	0	0.104	0.128	0.400	0.682	0.831
CBLN2	GRID1	9606.ENSP00000269503	9606.ENSP00000330148	0	0	0	0	0.099	0.099	0	0.377	0.450
CBLN2	NLGN3	9606.ENSP00000269503	9606.ENSP00000351591	0	0	0	0	0.097	0.057	0	0.438	0.480
CBLN2	NLGN1	9606.ENSP00000269503	9606.ENSP00000392500	0	0	0	0	0.074	0.057	0	0.471	0.498
CCBE1	FLT4	9606.ENSP00000497183	9606.ENSP00000261937	0	0	0	0	0	0	0	0.663	0.663
CCDC78	TNNT1	9606.ENSP00000293889	9606.ENSP00000467176	0	0	0	0	0.044	0	0	0.419	0.420
CCDC78	HAGHL	9606.ENSP00000293889	9606.ENSP00000374353	0	0	0	0	0.328	0	0	0.232	0.461
CCDC8	STK33	9606.ENSP00000303158	9606.ENSP00000416750	0	0	0	0	0.062	0.094	0	0.404	0.450
CCDC8	TPM2	9606.ENSP00000303158	9606.ENSP00000496494	0	0	0	0	0.055	0.045	0	0.452	0.462
CCDC8	KLHL35	9606.ENSP00000303158	9606.ENSP00000438526	0	0	0	0	0	0	0	0.483	0.483
CCN5	CILP	9606.ENSP00000361959	9606.ENSP00000261883	0	0	0	0	0.185	0	0	0.297	0.403
CCN5	SFRP2	9606.ENSP00000361959	9606.ENSP00000274063	0	0	0	0	0.103	0	0	0.379	0.419
CCNA1	DAPK1	9606.ENSP00000255465	9606.ENSP00000386135	0	0	0	0	0.056	0	0	0.391	0.400
CCNA1	MAPT	9606.ENSP00000255465	9606.ENSP00000340820	0	0	0	0	0	0	0	0.446	0.446
CCNA1	PXDNL	9606.ENSP00000255465	9606.ENSP00000348645	0	0	0	0	0.067	0	0	0.580	0.591
CCNA1	H2BC5	9606.ENSP00000255465	9606.ENSP00000289316	0	0	0	0	0	0	0.500	0.269	0.619
CCNA1	CDKN2A	9606.ENSP00000255465	9606.ENSP00000418915	0	0	0	0	0.044	0	0	0.670	0.671
CDKN2A	SERPINE1	9606.ENSP00000418915	9606.ENSP00000223095	0	0	0	0	0	0	0	0.471	0.471
CDKN2A	SNAI1	9606.ENSP00000418915	9606.ENSP00000244050	0	0	0	0	0	0	0	0.522	0.522
CDKN2A	FABP4	9606.ENSP00000418915	9606.ENSP00000256104	0	0	0	0	0.056	0.045	0	0.453	0.463
CDKN2A	CHD5	9606.ENSP00000418915	9606.ENSP00000262450	0	0	0	0	0	0.099	0	0.488	0.518
CDKN2A	SFRP2	9606.ENSP00000418915	9606.ENSP00000274063	0	0	0	0	0	0.048	0	0.434	0.438
CDKN2A	UCHL1	9606.ENSP00000418915	9606.ENSP00000284440	0	0	0	0	0.102	0.299	0	0.734	0.818
CDKN2A	H2BC5	9606.ENSP00000418915	9606.ENSP00000289316	0	0	0	0	0.050	0.074	0.500	0.198	0.600
CDKN2A	MMP3	9606.ENSP00000418915	9606.ENSP00000299855	0	0	0	0	0.042	0	0	0.433	0.433
CDKN2A	H2AC8	9606.ENSP00000418915	9606.ENSP00000303373	0	0	0	0	0.055	0.050	0.500	0.068	0.525
CDKN2A	SIX2	9606.ENSP00000418915	9606.ENSP00000304502	0	0	0	0	0.103	0.162	0	0.404	0.513
CDKN2A	MMP1	9606.ENSP00000418915	9606.ENSP00000322788	0	0	0	0	0.063	0	0	0.399	0.412
CDKN2A	PXDNL	9606.ENSP00000418915	9606.ENSP00000348645	0	0	0	0	0	0	0	0.587	0.587
CDKN2A	FOXH1	9606.ENSP00000418915	9606.ENSP00000366534	0	0	0	0	0.042	0.059	0	0.414	0.425
CDKN2A	H2AC6	9606.ENSP00000418915	9606.ENSP00000367022	0	0	0	0	0.042	0.050	0.500	0.069	0.519
CDKN2A	RAB3IL1	9606.ENSP00000418915	9606.ENSP00000378313	0	0	0	0	0	0	0	0.472	0.472
CDKN2A	RUNX3	9606.ENSP00000418915	9606.ENSP00000382800	0	0	0	0	0.044	0	0.400	0.661	0.789
CDKN2A	MEIS2	9606.ENSP00000418915	9606.ENSP00000453793	0	0	0	0	0	0	0	0.435	0.435
CDKN2A	SIX1	9606.ENSP00000418915	9606.ENSP00000494686	0	0	0	0	0.095	0	0	0.464	0.494
CELF4	TNNT2	9606.ENSP00000410584	9606.ENSP00000499593	0	0	0	0	0	0	0	0.696	0.696
CERS1	NAT8L	9606.ENSP00000485582	9606.ENSP00000413064	0	0	0	0	0.254	0	0	0.479	0.594
CHD3	SNAI1	9606.ENSP00000369716	9606.ENSP00000244050	0	0	0	0	0.051	0	0.500	0.185	0.580
CHD3	SALL1	9606.ENSP00000369716	9606.ENSP00000251020	0	0	0	0	0	0.409	0	0.499	0.692
CHD3	CHD5	9606.ENSP00000369716	9606.ENSP00000262450	0	0	0.055	0.971	0	0.429	0.720	0.065	0.839
CHD3	H2BC5	9606.ENSP00000369716	9606.ENSP00000289316	0	0	0	0	0	0.146	0.500	0.106	0.585
CHD3	H2AC8	9606.ENSP00000369716	9606.ENSP00000303373	0	0	0	0	0	0.365	0.500	0.045	0.670
CHD3	H2AC6	9606.ENSP00000369716	9606.ENSP00000367022	0	0	0	0	0.049	0.141	0.500	0.082	0.575
CHD3	GPRASP1	9606.ENSP00000369716	9606.ENSP00000498934	0	0	0	0	0.109	0.099	0	0.326	0.412
CHPF	EXTL1	9606.ENSP00000243776	9606.ENSP00000363398	0	0	0	0	0.078	0	0	0.493	0.513
CHPF	CHST13	9606.ENSP00000243776	9606.ENSP00000317404	0	0	0	0	0	0	0	0.598	0.598
CHRNB4	TAS2R38	9606.ENSP00000261751	9606.ENSP00000448219	0	0	0	0	0	0	0	0.478	0.478
CHRNB4	NTRK2	9606.ENSP00000261751	9606.ENSP00000277120	0	0	0	0	0.049	0.043	0	0.495	0.500
CILP	COMP	9606.ENSP00000261883	9606.ENSP00000222271	0	0	0	0	0.304	0	0	0.523	0.654
CILP	MGP	9606.ENSP00000261883	9606.ENSP00000228938	0	0	0	0	0.174	0	0	0.348	0.438
CILP	PCOLCE2	9606.ENSP00000261883	9606.ENSP00000295992	0	0	0	0	0.050	0	0	0.411	0.417
CILP	CRTAC1	9606.ENSP00000261883	9606.ENSP00000359629	0	0	0	0	0.044	0	0	0.465	0.466
CILP	ITGBL1	9606.ENSP00000261883	9606.ENSP00000365351	0	0	0	0	0.153	0.185	0	0.356	0.517
CILP	PRELP	9606.ENSP00000261883	9606.ENSP00000343924	0	0	0	0	0.131	0	0	0.559	0.600
CILP2	COMP	9606.ENSP00000291495	9606.ENSP00000222271	0	0	0	0	0.233	0	0	0.404	0.524
CILP2	PBX4	9606.ENSP00000291495	9606.ENSP00000251203	0	0	0	0	0.067	0	0	0.823	0.827
CLCA1	CPA4	9606.ENSP00000234701	9606.ENSP00000222482	0	0	0	0	0.045	0	0	0.401	0.404
CLCA1	LINGO3	9606.ENSP00000234701	9606.ENSP00000467753	0	0	0	0	0.389	0.099	0	0	0.425
CLCA1	ITLN1	9606.ENSP00000234701	9606.ENSP00000323587	0	0	0	0	0.338	0.045	0	0.374	0.569
CLCA1	SPINK4	9606.ENSP00000234701	9606.ENSP00000369045	0	0	0	0	0.527	0	0	0.431	0.719
CLCA1	CLCA4	9606.ENSP00000234701	9606.ENSP00000359594	0	0	0.059	0.963	0.180	0	0.900	0.063	0.918
CLCA1	ZG16	9606.ENSP00000234701	9606.ENSP00000383563	0	0	0	0	0.778	0	0	0.698	0.930
CLCA4	LINGO3	9606.ENSP00000359594	9606.ENSP00000467753	0	0	0	0	0.389	0.099	0	0	0.425
CLCA4	SLC4A4	9606.ENSP00000359594	9606.ENSP00000393557	0	0	0	0	0.082	0.045	0	0.418	0.445
CLCA4	ZG16	9606.ENSP00000359594	9606.ENSP00000383563	0	0	0	0	0.113	0	0	0.554	0.588
CLDN11	MMP3	9606.ENSP00000064724	9606.ENSP00000299855	0	0	0	0	0.055	0	0	0.456	0.463
CLDN11	PCDH9	9606.ENSP00000064724	9606.ENSP00000367096	0	0	0	0	0.121	0	0	0.418	0.466
CLDN11	CLDN23	9606.ENSP00000064724	9606.ENSP00000428780	0	0	0	0	0.105	0	0.650	0.539	0.843
CNIH2	LRFN1	9606.ENSP00000310003	9606.ENSP00000248668	0	0	0	0	0.076	0.127	0	0.361	0.439
CNIH2	GRIK5	9606.ENSP00000310003	9606.ENSP00000301218	0	0	0	0	0.163	0	0.360	0.202	0.535
CNIH2	VWC2	9606.ENSP00000310003	9606.ENSP00000341819	0	0	0	0	0.064	0	0.540	0.270	0.658
CNIH2	GRIK2	9606.ENSP00000310003	9606.ENSP00000397026	0	0	0	0	0.067	0	0.540	0.378	0.709
CNIH2	DLG4	9606.ENSP00000310003	9606.ENSP00000497806	0	0	0	0	0.176	0.075	0.540	0.638	0.856
COLEC11	COLGALT2	9606.ENSP00000411770	9606.ENSP00000354960	0	0	0	0	0	0.609	0	0.171	0.662
COMP	MGP	9606.ENSP00000222271	9606.ENSP00000228938	0	0	0	0	0.150	0	0	0.343	0.418
COMP	SFRP2	9606.ENSP00000222271	9606.ENSP00000274063	0	0	0	0	0.345	0.045	0	0.159	0.428
COMP	ITGBL1	9606.ENSP00000222271	9606.ENSP00000365351	0	0	0	0	0.314	0.069	0	0.189	0.437
COMP	PABPC1L	9606.ENSP00000222271	9606.ENSP00000255136	0	0	0	0	0	0.057	0	0.429	0.438
COMP	MMP1	9606.ENSP00000222271	9606.ENSP00000322788	0	0	0	0	0.062	0	0	0.457	0.469
COMP	PRELP	9606.ENSP00000222271	9606.ENSP00000343924	0	0	0	0	0.124	0.099	0	0.485	0.558
COMP	MMP3	9606.ENSP00000222271	9606.ENSP00000299855	0	0	0	0	0.075	0	0	0.615	0.629
CORO6	KLHL35	9606.ENSP00000344562	9606.ENSP00000438526	0	0	0	0	0.103	0	0	0.505	0.537
CPA4	DNASE1L3	9606.ENSP00000222482	9606.ENSP00000378053	0	0	0	0	0.097	0	0	0.378	0.414
CPA4	TPSG1	9606.ENSP00000222482	9606.ENSP00000234798	0	0	0	0	0.047	0.126	0	0.459	0.510
CPA4	MS4A2	9606.ENSP00000222482	9606.ENSP00000278888	0	0	0	0	0	0	0	0.578	0.578
CPA4	GATA2	9606.ENSP00000222482	9606.ENSP00000345681	0	0	0	0	0	0	0	0.587	0.587
CRLF1	CTF1	9606.ENSP00000376188	9606.ENSP00000279804	0	0	0	0	0.049	0.184	0	0.350	0.451
CRLF1	TMEM59L	9606.ENSP00000376188	9606.ENSP00000470879	0	0.115	0	0	0.198	0	0	0.266	0.434
CRTAC1	LRFN1	9606.ENSP00000359629	9606.ENSP00000248668	0	0	0	0	0	0	0	0.422	0.422
CRY2	GRP	9606.ENSP00000478187	9606.ENSP00000256857	0	0	0	0	0	0	0	0.447	0.447
CRY2	RORC	9606.ENSP00000478187	9606.ENSP00000327025	0	0	0	0	0.047	0.087	0	0.683	0.700
CRYAB	GJA3	9606.ENSP00000433560	9606.ENSP00000241125	0	0	0	0	0.049	0	0	0.683	0.686
CRYAB	SFRP2	9606.ENSP00000433560	9606.ENSP00000274063	0	0	0	0	0.062	0	0	0.392	0.405
CRYAB	MYOZ1	9606.ENSP00000433560	9606.ENSP00000352272	0	0	0	0	0.094	0	0	0.547	0.572
CRYAB	HSPA1A	9606.ENSP00000433560	9606.ENSP00000364802	0	0	0	0	0.068	0.071	0.400	0.473	0.690
CRYAB	HSPA1L	9606.ENSP00000433560	9606.ENSP00000364805	0	0	0	0	0.049	0.071	0.400	0.385	0.630
CRYAB	HSF4	9606.ENSP00000433560	9606.ENSP00000430947	0	0	0	0	0.068	0	0	0.583	0.594
CRYAB	TNNT2	9606.ENSP00000433560	9606.ENSP00000499593	0	0	0	0	0.073	0.051	0	0.373	0.401
CTSD	SERPINE1	9606.ENSP00000236671	9606.ENSP00000223095	0	0	0	0	0.052	0	0	0.419	0.426
CTSD	H4C14	9606.ENSP00000236671	9606.ENSP00000462667	0	0	0	0	0	0	0	0.407	0.407
CTSD	H4C8	9606.ENSP00000236671	9606.ENSP00000489236	0	0	0	0	0.042	0	0	0.409	0.410
CTSD	KLK4	9606.ENSP00000236671	9606.ENSP00000326159	0	0	0	0	0	0.046	0	0.410	0.413
CTSD	CYP46A1	9606.ENSP00000236671	9606.ENSP00000261835	0	0	0	0	0.059	0.052	0	0.423	0.441
CTSD	PXDNL	9606.ENSP00000236671	9606.ENSP00000348645	0	0	0	0	0	0	0	0.501	0.501
CTSD	MAPT	9606.ENSP00000236671	9606.ENSP00000340820	0	0	0	0	0.044	0.292	0	0.399	0.558
CXCL1	TIMP1	9606.ENSP00000379110	9606.ENSP00000218388	0	0	0	0	0.152	0	0	0.619	0.663
CXCL1	SERPINE1	9606.ENSP00000379110	9606.ENSP00000223095	0	0	0	0	0.162	0	0	0.530	0.590
CXCL1	EREG	9606.ENSP00000379110	9606.ENSP00000244869	0	0	0	0	0.133	0	0	0.404	0.461
CXCL1	IL7	9606.ENSP00000379110	9606.ENSP00000263851	0	0	0	0	0.080	0	0	0.789	0.797
CXCL1	MMP10	9606.ENSP00000379110	9606.ENSP00000279441	0	0	0	0	0.180	0	0	0.399	0.486
CXCL1	MMP3	9606.ENSP00000379110	9606.ENSP00000299855	0	0	0	0	0.138	0	0	0.801	0.821
CXCL1	MMP1	9606.ENSP00000379110	9606.ENSP00000322788	0	0	0	0	0.225	0	0	0.694	0.752
CXCL1	PXDNL	9606.ENSP00000379110	9606.ENSP00000348645	0	0	0	0	0.055	0	0	0.479	0.486
CXCL1	XCL1	9606.ENSP00000379110	9606.ENSP00000356792	0	0	0	0	0.057	0	0	0.512	0.521
CXCL1	NGF	9606.ENSP00000379110	9606.ENSP00000358525	0	0	0	0	0.043	0	0	0.451	0.452
CXCL1	IL17A	9606.ENSP00000379110	9606.ENSP00000497968	0	0	0	0	0.061	0	0	0.900	0.902
CYP11A1	CYP46A1	9606.ENSP00000268053	9606.ENSP00000261835	0	0	0.249	0.573	0.048	0.069	0	0.377	0.530
CYP11A1	CYP1B1	9606.ENSP00000268053	9606.ENSP00000478561	0	0	0.234	0.577	0.062	0.091	0	0.268	0.458
CYP1B1	GSTM2	9606.ENSP00000478561	9606.ENSP00000241337	0	0	0	0	0.067	0.045	0.900	0.481	0.947
CYP1B1	UGT2A3	9606.ENSP00000478561	9606.ENSP00000251566	0	0	0	0	0.067	0	0.907	0.264	0.931
CYP1B1	SIX2	9606.ENSP00000478561	9606.ENSP00000304502	0	0	0	0	0.042	0	0	0.490	0.490
CYP1B1	UGT2B7	9606.ENSP00000478561	9606.ENSP00000304811	0	0	0	0	0.067	0	0.907	0.410	0.944
CYP1B1	SULT1B1	9606.ENSP00000478561	9606.ENSP00000308770	0	0	0	0	0.060	0	0	0.393	0.405
CYP1B1	GSTM1	9606.ENSP00000478561	9606.ENSP00000311469	0	0	0	0	0.067	0.045	0.900	0.625	0.962
DAPK1	NTRK2	9606.ENSP00000386135	9606.ENSP00000277120	0	0	0	0.553	0.046	0.068	0	0.410	0.430
DAPK1	RUNX3	9606.ENSP00000386135	9606.ENSP00000382800	0	0	0	0	0	0	0	0.522	0.522
DAPK1	DLG4	9606.ENSP00000386135	9606.ENSP00000497806	0	0	0	0	0.062	0.095	0	0.552	0.587
DLG2	SYT1	9606.ENSP00000365272	9606.ENSP00000261205	0	0	0	0	0.161	0.068	0	0.612	0.671
DLG2	NTRK2	9606.ENSP00000365272	9606.ENSP00000277120	0	0	0	0	0.129	0.090	0	0.458	0.533
DLG2	LRRC4C	9606.ENSP00000365272	9606.ENSP00000278198	0	0	0	0	0.092	0.110	0	0.370	0.446
DLG2	FZD7	9606.ENSP00000365272	9606.ENSP00000286201	0	0	0	0	0	0.071	0	0.409	0.427
DLG2	NRG1	9606.ENSP00000365272	9606.ENSP00000287842	0	0	0	0	0	0.091	0.400	0.461	0.680
DLG2	HOMER2	9606.ENSP00000365272	9606.ENSP00000305632	0	0	0	0	0.042	0.052	0.500	0.244	0.610
DLG2	GRID1	9606.ENSP00000365272	9606.ENSP00000330148	0	0	0	0	0.121	0.135	0	0.281	0.406
DLG2	NLGN3	9606.ENSP00000365272	9606.ENSP00000351591	0	0	0	0	0.087	0.282	0.500	0.398	0.776
DLG2	KCNQ2	9606.ENSP00000365272	9606.ENSP00000352035	0	0	0	0	0.149	0.096	0	0.365	0.469
DLG2	NOS1AP	9606.ENSP00000365272	9606.ENSP00000355133	0	0	0	0	0.097	0	0	0.443	0.475
DLG2	POLR2F	9606.ENSP00000365272	9606.ENSP00000385725	0.059	0	0	0	0.401	0	0	0.155	0.482
DLG2	SPTBN4	9606.ENSP00000365272	9606.ENSP00000469242	0	0	0	0	0.154	0.071	0	0.438	0.519
DLG2	NLGN1	9606.ENSP00000365272	9606.ENSP00000392500	0	0	0	0	0.086	0.282	0.500	0.646	0.868
DLG2	DLG4	9606.ENSP00000365272	9606.ENSP00000497806	0	0	0.056	0.966	0.087	0.386	0.400	0.918	0.969
DLG4	EREG	9606.ENSP00000497806	9606.ENSP00000244869	0	0	0	0	0	0	0.400	0	0.400
DLG4	LRFN1	9606.ENSP00000497806	9606.ENSP00000248668	0	0	0	0	0.087	0.113	0.500	0.790	0.903
DLG4	SYT1	9606.ENSP00000497806	9606.ENSP00000261205	0	0	0	0	0.149	0.091	0	0.604	0.667
DLG4	SLIT1	9606.ENSP00000497806	9606.ENSP00000266058	0	0	0	0	0.102	0.110	0	0.351	0.436
DLG4	NTRK2	9606.ENSP00000497806	9606.ENSP00000277120	0	0	0	0	0.099	0.328	0	0.788	0.860
DLG4	LRRC4C	9606.ENSP00000497806	9606.ENSP00000278198	0	0	0	0	0.058	0.110	0	0.897	0.906
DLG4	NRG1	9606.ENSP00000497806	9606.ENSP00000287842	0	0	0	0	0.050	0.091	0.400	0.792	0.878
DLG4	GRIK5	9606.ENSP00000497806	9606.ENSP00000301218	0	0	0	0	0.179	0.526	0.500	0.769	0.949
DLG4	TUB	9606.ENSP00000497806	9606.ENSP00000305426	0	0	0	0	0.108	0	0	0.392	0.434
DLG4	HOMER2	9606.ENSP00000497806	9606.ENSP00000305632	0	0	0	0	0	0.052	0.500	0.573	0.779
DLG4	MAPT	9606.ENSP00000497806	9606.ENSP00000340820	0	0	0	0	0.091	0.058	0	0.735	0.753
DLG4	VWC2	9606.ENSP00000497806	9606.ENSP00000341819	0	0	0	0	0.072	0	0.540	0	0.554
DLG4	PALM	9606.ENSP00000497806	9606.ENSP00000341911	0	0	0	0	0.084	0	0	0.561	0.580
DLG4	PXDNL	9606.ENSP00000497806	9606.ENSP00000348645	0	0	0	0	0	0	0	0.603	0.603
DLG4	NLGN3	9606.ENSP00000497806	9606.ENSP00000351591	0	0	0	0	0.150	0.282	0.500	0.988	0.995
DLG4	KCNQ2	9606.ENSP00000497806	9606.ENSP00000352035	0	0	0	0	0.168	0.096	0	0.574	0.651
DLG4	NOS1AP	9606.ENSP00000497806	9606.ENSP00000355133	0	0	0	0	0.084	0	0	0.861	0.867
DLG4	NGF	9606.ENSP00000497806	9606.ENSP00000358525	0	0	0	0	0.056	0	0	0.511	0.519
DLG4	TH	9606.ENSP00000497806	9606.ENSP00000370571	0	0	0	0	0.053	0	0	0.482	0.489
DLG4	POLR2F	9606.ENSP00000497806	9606.ENSP00000385725	0.059	0	0	0	0.401	0	0	0.155	0.482
DLG4	NLGN1	9606.ENSP00000497806	9606.ENSP00000392500	0	0	0	0	0.068	0.650	0.500	0.996	0.999
DLG4	GRIK2	9606.ENSP00000497806	9606.ENSP00000397026	0	0	0	0	0.079	0.743	0.540	0.991	0.998
DLG4	MPP2	9606.ENSP00000497806	9606.ENSP00000428182	0	0	0	0.633	0.096	0.148	0	0.635	0.694
DMPK	DTNA	9606.ENSP00000345997	9606.ENSP00000470152	0	0	0	0	0	0	0	0.436	0.436
DMPK	TNNT2	9606.ENSP00000345997	9606.ENSP00000499593	0	0	0	0	0.048	0	0	0.650	0.652
DNAJC4	HSPA1L	9606.ENSP00000320548	9606.ENSP00000364805	0	0	0.216	0	0.044	0.045	0	0.269	0.407
DOCK3	SYT1	9606.ENSP00000266037	9606.ENSP00000261205	0	0	0	0	0.150	0	0	0.431	0.496
DOCK3	NTRK2	9606.ENSP00000266037	9606.ENSP00000277120	0	0	0	0	0.106	0.045	0.500	0.173	0.600
DTNA	NOS1AP	9606.ENSP00000470152	9606.ENSP00000355133	0	0	0	0	0.086	0	0	0.457	0.483
DTNA	TNNT2	9606.ENSP00000470152	9606.ENSP00000499593	0	0	0	0	0	0	0	0.637	0.637
DTX1	MFNG	9606.ENSP00000257600	9606.ENSP00000349490	0	0	0	0	0.062	0	0	0.486	0.498
DTX1	JAG2	9606.ENSP00000257600	9606.ENSP00000328169	0	0	0	0	0.042	0.133	0	0.479	0.529
DUSP5	FLT4	9606.ENSP00000358596	9606.ENSP00000261937	0	0	0	0	0	0.094	0	0.435	0.467
DYNC1I1	TUBB2B	9606.ENSP00000320130	9606.ENSP00000259818	0	0	0	0	0.087	0.248	0.650	0.073	0.747
DYNC1I1	RAB6B	9606.ENSP00000320130	9606.ENSP00000285208	0	0	0	0	0.122	0	0.500	0.192	0.614
EEF1A2	PXDNL	9606.ENSP00000217182	9606.ENSP00000348645	0	0	0	0	0	0	0	0.409	0.409
EEF1A2	RNF112	9606.ENSP00000217182	9606.ENSP00000454919	0	0	0	0	0.099	0	0	0.383	0.421
EEF1A2	KCNQ2	9606.ENSP00000217182	9606.ENSP00000352035	0	0.010	0	0	0.225	0	0	0.287	0.424
EEF1A2	SIGLEC14	9606.ENSP00000217182	9606.ENSP00000354090	0	0	0	0	0	0	0	0.476	0.476
EEF1A2	TUB	9606.ENSP00000217182	9606.ENSP00000305426	0	0	0	0	0.081	0	0	0.586	0.603
EEF1A2	MAPT	9606.ENSP00000217182	9606.ENSP00000340820	0	0	0	0	0.171	0.525	0	0.108	0.618
EHD1	PACSIN1	9606.ENSP00000479153	9606.ENSP00000484060	0	0	0	0	0	0.071	0	0.728	0.736
ENDOV	PABPC1L	9606.ENSP00000429190	9606.ENSP00000255136	0	0	0	0	0.103	0	0	0.396	0.435
EREG	NGFR	9606.ENSP00000244869	9606.ENSP00000172229	0	0	0	0	0	0	0.650	0.102	0.672
EREG	SFRP2	9606.ENSP00000244869	9606.ENSP00000274063	0	0	0	0	0	0	0	0.476	0.476
EREG	NTRK2	9606.ENSP00000244869	9606.ENSP00000277120	0	0	0	0	0	0	0.650	0.117	0.677
EREG	MMP1	9606.ENSP00000244869	9606.ENSP00000322788	0	0	0	0	0.078	0	0	0.682	0.694
EREG	FLT4	9606.ENSP00000244869	9606.ENSP00000261937	0	0	0	0	0	0	0.650	0.180	0.700
EREG	NRG1	9606.ENSP00000244869	9606.ENSP00000287842	0	0	0	0	0.070	0.405	0.400	0.590	0.845
EXTL1	UST	9606.ENSP00000363398	9606.ENSP00000356433	0	0	0	0	0.086	0	0	0.381	0.410
EXTL1	HS6ST3	9606.ENSP00000363398	9606.ENSP00000365895	0	0	0	0	0.097	0	0	0.484	0.515
FABP4	SERPINE1	9606.ENSP00000256104	9606.ENSP00000223095	0	0	0	0	0.062	0	0	0.417	0.430
FABP4	PXDNL	9606.ENSP00000256104	9606.ENSP00000348645	0	0	0	0	0.057	0	0	0.431	0.441
FABP4	ITLN1	9606.ENSP00000256104	9606.ENSP00000323587	0	0	0	0	0.060	0	0	0.447	0.457
FABP4	PLIN4	9606.ENSP00000256104	9606.ENSP00000488481	0	0	0	0	0.149	0	0	0.433	0.496
FABP4	WNT10B	9606.ENSP00000256104	9606.ENSP00000301061	0	0	0	0	0.058	0	0	0.505	0.513
FABP4	PPARGC1A	9606.ENSP00000256104	9606.ENSP00000264867	0	0	0	0	0.056	0	0.500	0.646	0.818
FABP4	PLIN1	9606.ENSP00000256104	9606.ENSP00000300055	0	0	0	0	0.409	0	0.500	0.774	0.927
FAM135B	SLC6A17	9606.ENSP00000378710	9606.ENSP00000330199	0	0	0	0	0.113	0	0	0.473	0.512
FAM135B	GOLGA7B	9606.ENSP00000378710	9606.ENSP00000359634	0	0	0	0	0.084	0	0	0.380	0.408
FAM219B	ULK3	9606.ENSP00000350260	9606.ENSP00000400312	0	0	0	0	0.213	0	0	0.475	0.569
FAM43B	GOLGA7B	9606.ENSP00000331397	9606.ENSP00000359634	0	0	0	0	0.084	0	0	0.405	0.432
FES	PACSIN1	9606.ENSP00000331504	9606.ENSP00000484060	0	0	0	0	0	0.045	0	0.534	0.535
FGF14	NALCN	9606.ENSP00000365301	9606.ENSP00000251127	0	0	0	0	0.216	0.137	0	0.273	0.465
FGF14	KCNQ2	9606.ENSP00000365301	9606.ENSP00000352035	0	0	0	0	0.146	0.042	0	0.436	0.498
FGF14	SPTBN4	9606.ENSP00000365301	9606.ENSP00000469242	0	0	0	0	0.140	0	0	0.411	0.471
FGF14	TMEM240	9606.ENSP00000365301	9606.ENSP00000368007	0	0	0	0	0.084	0	0	0.480	0.503
FLT4	NGF	9606.ENSP00000261937	9606.ENSP00000358525	0	0	0	0	0	0	0.650	0.228	0.718
FNDC5	PPARGC1A	9606.ENSP00000362570	9606.ENSP00000264867	0	0	0	0	0.067	0	0	0.790	0.795
FNDC5	ITLN1	9606.ENSP00000362570	9606.ENSP00000323587	0	0	0	0	0	0	0	0.479	0.479
FOXD1	HOXD11	9606.ENSP00000481581	9606.ENSP00000249504	0	0	0	0	0.086	0.064	0	0.438	0.477
FOXD1	SALL1	9606.ENSP00000481581	9606.ENSP00000251020	0	0	0	0	0.062	0.067	0	0.462	0.488
FOXD1	SIX2	9606.ENSP00000481581	9606.ENSP00000304502	0	0	0	0	0.083	0	0	0.738	0.750
FOXD1	POU3F3	9606.ENSP00000481581	9606.ENSP00000355001	0	0	0.251	0	0.058	0	0	0.259	0.432
FOXD1	HOXC4	9606.ENSP00000481581	9606.ENSP00000399808	0	0	0	0	0.084	0.075	0	0.441	0.485
FOXD1	SIX1	9606.ENSP00000481581	9606.ENSP00000494686	0	0	0	0	0.109	0	0	0.391	0.434
FOXH1	TDGF1	9606.ENSP00000366534	9606.ENSP00000296145	0	0	0	0	0.110	0.091	0	0.676	0.715
FXYD1	FXYD7	9606.ENSP00000481244	9606.ENSP00000270310	0	0	0	0.857	0.141	0	0	0.358	0.425
FXYD1	GAMT	9606.ENSP00000481244	9606.ENSP00000403536	0	0	0	0	0.143	0	0	0.504	0.556
FZD7	WNT16	9606.ENSP00000286201	9606.ENSP00000222462	0	0	0	0	0	0.234	0.650	0.369	0.816
FZD7	SFRP2	9606.ENSP00000286201	9606.ENSP00000274063	0	0	0	0.687	0.154	0	0.650	0.194	0.740
FZD7	TCF7L1	9606.ENSP00000286201	9606.ENSP00000282111	0	0	0	0	0.097	0	0	0.444	0.476
FZD7	WNT8B	9606.ENSP00000286201	9606.ENSP00000340677	0	0	0	0	0	0.234	0.650	0.426	0.832
FZD7	WNT10B	9606.ENSP00000286201	9606.ENSP00000301061	0	0	0	0	0	0.173	0.650	0.823	0.944
GABRD	NTRK2	9606.ENSP00000367848	9606.ENSP00000277120	0	0	0	0	0.164	0.046	0	0.394	0.475
GABRD	SYT3	9606.ENSP00000367848	9606.ENSP00000340914	0	0	0	0	0.268	0	0	0.221	0.406
GABRD	KCNQ2	9606.ENSP00000367848	9606.ENSP00000352035	0	0	0	0	0.280	0	0	0.373	0.529
GABRD	GABRE	9606.ENSP00000367848	9606.ENSP00000359353	0	0	0.083	0.828	0.057	0.178	0.540	0.191	0.687
GAREM2	RAB3IL1	9606.ENSP00000384593	9606.ENSP00000378313	0	0	0	0	0.049	0.404	0	0.166	0.486
GATA2	MS4A2	9606.ENSP00000345681	9606.ENSP00000278888	0	0	0	0	0.430	0	0	0.534	0.723
GATA2	H2BC5	9606.ENSP00000345681	9606.ENSP00000289316	0	0	0	0	0	0.089	0.500	0.055	0.531
GATA2	SOX7	9606.ENSP00000345681	9606.ENSP00000301921	0	0	0	0	0	0.053	0	0.447	0.454
GATA2	H2AC8	9606.ENSP00000345681	9606.ENSP00000303373	0	0	0	0	0	0.050	0.500	0.051	0.509
GATA2	STK33	9606.ENSP00000345681	9606.ENSP00000416750	0	0	0	0	0	0.136	0	0.386	0.447
GATA2	RUNX3	9606.ENSP00000345681	9606.ENSP00000382800	0	0	0	0	0	0.125	0	0.406	0.458
GATA2	H2AC6	9606.ENSP00000345681	9606.ENSP00000367022	0	0	0	0	0.042	0.050	0.500	0.051	0.510
GATA2	NFATC1	9606.ENSP00000345681	9606.ENSP00000389377	0	0	0	0	0.056	0.095	0	0.566	0.597
GDF6	SCN3B	9606.ENSP00000287020	9606.ENSP00000376523	0	0	0	0	0	0	0	0.423	0.422
GDF6	NOG	9606.ENSP00000287020	9606.ENSP00000328181	0	0	0	0	0.056	0	0.900	0.744	0.973
GJA3	HSF4	9606.ENSP00000241125	9606.ENSP00000430947	0	0	0	0	0	0	0	0.670	0.670
GLDN	TNFAIP8L3	9606.ENSP00000335196	9606.ENSP00000328016	0	0	0	0	0.179	0	0	0.539	0.605
GLDN	KCNQ2	9606.ENSP00000335196	9606.ENSP00000352035	0	0	0	0	0.074	0	0	0.452	0.470
GLDN	SPTBN4	9606.ENSP00000335196	9606.ENSP00000469242	0	0	0	0	0.085	0	0	0.798	0.807
GLYATL1	PLAAT5	9606.ENSP00000300079	9606.ENSP00000301790	0	0	0	0	0	0	0	0.417	0.416
GLYATL1	LRAT	9606.ENSP00000300079	9606.ENSP00000337224	0	0	0	0	0.050	0	0	0.497	0.501
GPR146	GPR162	9606.ENSP00000380283	9606.ENSP00000311528	0	0	0	0	0.072	0	0	0.523	0.539
GPR156	GPRC5B	9606.ENSP00000417261	9606.ENSP00000300571	0	0	0	0	0	0	0	0.528	0.528
GPR162	GPR27	9606.ENSP00000311528	9606.ENSP00000303149	0	0	0	0	0.074	0	0	0.421	0.441
GPR162	TMEM132E	9606.ENSP00000311528	9606.ENSP00000487800	0	0	0	0	0.140	0	0	0.377	0.442
GPRASP1	GSTM1	9606.ENSP00000498934	9606.ENSP00000311469	0	0	0	0	0	0.045	0	0.549	0.550
GPX3	SERPINE1	9606.ENSP00000373477	9606.ENSP00000223095	0	0	0	0	0.081	0.045	0	0.401	0.428
GPX3	MGP	9606.ENSP00000373477	9606.ENSP00000228938	0	0	0	0	0.111	0	0	0.390	0.435
GPX3	GSTM2	9606.ENSP00000373477	9606.ENSP00000241337	0	0	0	0	0.101	0	0.650	0.480	0.822
GPX3	PPARGC1A	9606.ENSP00000373477	9606.ENSP00000264867	0	0	0	0	0.047	0	0.900	0.597	0.958
GPX3	TUB	9606.ENSP00000373477	9606.ENSP00000305426	0	0	0	0	0	0	0	0.401	0.400
GPX3	GSTM1	9606.ENSP00000373477	9606.ENSP00000311469	0	0	0	0	0.093	0	0.650	0.547	0.844
GPX3	PXDNL	9606.ENSP00000373477	9606.ENSP00000348645	0	0	0	0	0.055	0	0	0.717	0.721
GPX3	NGF	9606.ENSP00000373477	9606.ENSP00000358525	0	0	0	0	0	0	0	0.561	0.561
GPX3	TH	9606.ENSP00000373477	9606.ENSP00000370571	0	0	0	0	0	0	0	0.418	0.418
GPX3	IL17A	9606.ENSP00000373477	9606.ENSP00000497968	0	0	0	0	0.087	0	0	0.370	0.400
GPX3	NOX5	9606.ENSP00000373477	9606.ENSP00000373518	0	0	0	0	0	0	0	0.501	0.501
GRID1	GRIK5	9606.ENSP00000330148	9606.ENSP00000301218	0	0	0	0.681	0.084	0	0	0.455	0.479
GRID1	SYT3	9606.ENSP00000330148	9606.ENSP00000340914	0	0	0	0	0.151	0	0	0.344	0.419
GRIK2	NALCN	9606.ENSP00000397026	9606.ENSP00000251127	0	0	0	0	0.147	0.049	0	0.398	0.469
GRIK2	GRIK5	9606.ENSP00000397026	9606.ENSP00000301218	0	0	0.076	0.909	0	0.965	0.500	0.983	0.999
GRIK2	VWC2	9606.ENSP00000397026	9606.ENSP00000341819	0	0	0	0	0.103	0	0.540	0.074	0.585
GRIK2	SCN3B	9606.ENSP00000397026	9606.ENSP00000376523	0	0	0	0	0.151	0	0.540	0.222	0.670
GRIK2	NLGN1	9606.ENSP00000397026	9606.ENSP00000392500	0	0	0	0	0.125	0	0	0.592	0.628
GRIK2	SCN4A	9606.ENSP00000397026	9606.ENSP00000396320	0	0	0	0	0	0.050	0.540	0.097	0.571
GRIK5	SYT1	9606.ENSP00000301218	9606.ENSP00000261205	0	0	0	0	0.146	0	0	0.398	0.464
GRIK5	VWC2	9606.ENSP00000301218	9606.ENSP00000341819	0	0	0	0	0.079	0	0.360	0.080	0.411
GRIK5	SCN3B	9606.ENSP00000301218	9606.ENSP00000376523	0	0	0	0	0.111	0	0.360	0.208	0.510
GRIK5	NLGN1	9606.ENSP00000301218	9606.ENSP00000392500	0	0	0	0	0.088	0	0	0.527	0.550
GRP	SCT	9606.ENSP00000256857	9606.ENSP00000176195	0	0	0	0	0.043	0	0	0.765	0.765
GRP	NMUR1	9606.ENSP00000256857	9606.ENSP00000305877	0	0	0	0	0	0	0.500	0.195	0.580
GRP	NMB	9606.ENSP00000256857	9606.ENSP00000378089	0	0	0	0	0	0	0.900	0.987	0.998
GSTM1	GSTM2	9606.ENSP00000311469	9606.ENSP00000241337	0	0	0.050	0.981	0.999	0.695	0.650	0.058	0.999
GSTM1	UGT2B7	9606.ENSP00000311469	9606.ENSP00000304811	0	0	0	0	0	0	0	0.464	0.464
GSTM1	NAT1	9606.ENSP00000311469	9606.ENSP00000443194	0	0	0	0	0.042	0.053	0	0.505	0.511
H2AC6	TCF7L1	9606.ENSP00000367022	9606.ENSP00000282111	0	0	0	0	0	0	0.500	0	0.499
H2AC6	H2BC5	9606.ENSP00000367022	9606.ENSP00000289316	0	0.018	0	0	0.822	0.967	0.400	0.595	0.998
H2AC6	HOXD4	9606.ENSP00000367022	9606.ENSP00000302548	0	0	0	0	0	0	0.500	0	0.499
H2AC6	H2AC8	9606.ENSP00000367022	9606.ENSP00000303373	0	0	0.048	0.984	0.463	0.907	0.400	0.047	0.967
H2AC6	H3C10	9606.ENSP00000367022	9606.ENSP00000358160	0	0.024	0	0	0.784	0.914	0	0.281	0.985
H2AC6	HOXC4	9606.ENSP00000367022	9606.ENSP00000399808	0	0	0	0	0	0	0.500	0	0.499
H2AC6	STAG3	9606.ENSP00000367022	9606.ENSP00000477973	0	0	0	0	0	0.077	0.500	0.048	0.522
H2AC6	POLR2F	9606.ENSP00000367022	9606.ENSP00000385725	0	0	0	0	0	0.854	0.500	0.044	0.924
H2AC6	H3C6	9606.ENSP00000367022	9606.ENSP00000489282	0	0.024	0	0	0.150	0.914	0	0.123	0.930
H2AC6	H4C14	9606.ENSP00000367022	9606.ENSP00000462667	0	0.019	0	0	0.440	0.938	0	0.456	0.979
H2AC6	H2BC8	9606.ENSP00000367022	9606.ENSP00000445633	0	0.018	0	0	0.527	0.914	0	0.559	0.980
H2AC6	H4C8	9606.ENSP00000367022	9606.ENSP00000489236	0	0.019	0	0	0.771	0.938	0	0.425	0.991
H2AC8	TCF7L1	9606.ENSP00000303373	9606.ENSP00000282111	0	0	0	0	0	0	0.500	0	0.499
H2AC8	H2BC5	9606.ENSP00000303373	9606.ENSP00000289316	0	0.018	0	0	0.786	0.509	0.400	0.689	0.977
H2AC8	HOXD4	9606.ENSP00000303373	9606.ENSP00000302548	0	0	0	0	0	0	0.500	0	0.499
H2AC8	HOXC4	9606.ENSP00000303373	9606.ENSP00000399808	0	0	0	0	0	0	0.500	0	0.499
H2AC8	STAG3	9606.ENSP00000303373	9606.ENSP00000477973	0	0	0	0	0.042	0.077	0.500	0.048	0.522
H2AC8	H2BC8	9606.ENSP00000303373	9606.ENSP00000445633	0	0.018	0	0	0.728	0.178	0	0.497	0.878
H2AC8	POLR2F	9606.ENSP00000303373	9606.ENSP00000385725	0	0	0	0	0.042	0.854	0.500	0	0.924
H2AC8	H3C6	9606.ENSP00000303373	9606.ENSP00000489282	0	0.024	0	0	0.158	0.914	0	0.871	0.989
H2AC8	H3C10	9606.ENSP00000303373	9606.ENSP00000358160	0	0.024	0	0	0.793	0.914	0	0.655	0.993
H2AC8	H4C14	9606.ENSP00000303373	9606.ENSP00000462667	0	0.019	0	0	0.491	0.919	0.540	0.721	0.994
H2AC8	H4C8	9606.ENSP00000303373	9606.ENSP00000489236	0	0.019	0	0	0.684	0.915	0.540	0.727	0.996
H2BC5	TCF7L1	9606.ENSP00000289316	9606.ENSP00000282111	0	0	0	0	0	0	0.500	0	0.499
H2BC5	TUB	9606.ENSP00000289316	9606.ENSP00000305426	0	0	0	0	0.055	0	0	0.467	0.474
H2BC5	HOXD4	9606.ENSP00000289316	9606.ENSP00000302548	0	0	0	0	0	0	0.500	0	0.499
H2BC5	HOXC4	9606.ENSP00000289316	9606.ENSP00000399808	0	0	0	0	0	0	0.500	0.084	0.522
H2BC5	STAG3	9606.ENSP00000289316	9606.ENSP00000477973	0	0	0	0	0	0.098	0.500	0	0.529
H2BC5	H3C6	9606.ENSP00000289316	9606.ENSP00000489282	0	0.125	0	0	0.196	0.183	0	0.347	0.575
H2BC5	POLR2F	9606.ENSP00000289316	9606.ENSP00000385725	0	0	0	0	0.044	0.241	0.500	0	0.605
H2BC5	H3C10	9606.ENSP00000289316	9606.ENSP00000358160	0	0.125	0	0	0.583	0.183	0	0.230	0.740
H2BC5	H2BC8	9606.ENSP00000289316	9606.ENSP00000445633	0	0	0.048	0.984	0.478	0.812	0	0.043	0.898
H2BC5	H4C14	9606.ENSP00000289316	9606.ENSP00000462667	0	0.060	0	0	0.435	0.831	0	0.398	0.938
H2BC5	H4C8	9606.ENSP00000289316	9606.ENSP00000489236	0	0.060	0	0	0.701	0.831	0	0.352	0.965
H2BC8	H3C10	9606.ENSP00000445633	9606.ENSP00000358160	0	0.125	0	0	0.517	0.829	0	0.374	0.949
H2BC8	H3C6	9606.ENSP00000445633	9606.ENSP00000489282	0	0.125	0	0	0.196	0.829	0	0.315	0.907
H2BC8	H4C14	9606.ENSP00000445633	9606.ENSP00000462667	0	0.066	0	0	0.410	0.915	0	0.502	0.973
H2BC8	H4C8	9606.ENSP00000445633	9606.ENSP00000489236	0	0.066	0	0	0.619	0.915	0	0.499	0.982
H3C10	H3C6	9606.ENSP00000358160	9606.ENSP00000489282	0	0	0.048	0.985	0.072	0.900	0	0	0.903
H3C10	H4C14	9606.ENSP00000358160	9606.ENSP00000462667	0	0.069	0	0	0.536	0.948	0	0.775	0.994
H3C10	H4C8	9606.ENSP00000358160	9606.ENSP00000489236	0	0.069	0	0	0.790	0.915	0	0.781	0.995
H3C6	H4C14	9606.ENSP00000489282	9606.ENSP00000462667	0	0.069	0	0	0.164	0.915	0	0.735	0.980
H3C6	H4C8	9606.ENSP00000489282	9606.ENSP00000489236	0	0.069	0	0	0.175	0.915	0	0.735	0.980
H4C14	POLR2F	9606.ENSP00000462667	9606.ENSP00000385725	0	0	0	0	0	0.875	0	0.078	0.880
H4C14	H4C8	9606.ENSP00000462667	9606.ENSP00000489236	0	0	0.049	0.983	0.623	0.900	0.540	0	0.981
H4C8	POLR2F	9606.ENSP00000489236	9606.ENSP00000385725	0	0	0	0	0	0.875	0	0.078	0.880
HAGHL	HPD	9606.ENSP00000374353	9606.ENSP00000289004	0.051	0	0	0	0.085	0	0.352	0.131	0.445
HEPACAM2	ITLN1	9606.ENSP00000390204	9606.ENSP00000323587	0	0	0	0	0.288	0.053	0	0.196	0.410
HES7	MESP2	9606.ENSP00000446205	9606.ENSP00000342392	0	0	0	0	0.044	0.094	0	0.564	0.589
HLX	RUNX3	9606.ENSP00000355870	9606.ENSP00000382800	0	0	0	0	0.081	0	0	0.399	0.424
HOMER2	NLGN1	9606.ENSP00000305632	9606.ENSP00000392500	0	0	0	0	0	0	0.500	0.267	0.618
HOMER2	NLGN3	9606.ENSP00000305632	9606.ENSP00000351591	0	0	0	0	0	0	0.500	0.312	0.641
HOXC11	SIX2	9606.ENSP00000446680	9606.ENSP00000304502	0	0	0	0	0.107	0	0	0.381	0.423
HOXC11	TBX1	9606.ENSP00000446680	9606.ENSP00000331791	0	0	0	0	0.067	0.077	0	0.450	0.485
HOXC11	HOXC4	9606.ENSP00000446680	9606.ENSP00000399808	0	0	0	0.640	0.284	0.134	0	0.335	0.552
HOXC4	PBX4	9606.ENSP00000399808	9606.ENSP00000251203	0	0	0	0	0	0.406	0	0.240	0.529
HOXC4	HOXD4	9606.ENSP00000399808	9606.ENSP00000302548	0	0	0.069	0.933	0.206	0.800	0	0.243	0.873
HOXC4	POLR2F	9606.ENSP00000399808	9606.ENSP00000385725	0	0	0	0	0	0	0.500	0.068	0.514
HOXC4	MEIS2	9606.ENSP00000399808	9606.ENSP00000453793	0	0	0	0	0.085	0.094	0	0.417	0.475
HOXD10	TBX1	9606.ENSP00000249501	9606.ENSP00000331791	0	0	0	0	0.056	0.095	0	0.421	0.462
HOXD10	HOXD4	9606.ENSP00000249501	9606.ENSP00000302548	0	0	0	0.680	0.323	0.134	0	0.336	0.577
HOXD10	HOXD11	9606.ENSP00000249501	9606.ENSP00000249504	0	0	0	0.675	0.999	0	0	0.576	0.999
HOXD11	HOXD4	9606.ENSP00000249504	9606.ENSP00000302548	0	0	0	0.653	0.283	0.134	0	0.344	0.557
HOXD11	SALL1	9606.ENSP00000249504	9606.ENSP00000251020	0	0	0	0	0.068	0.064	0	0.569	0.592
HOXD11	SIX2	9606.ENSP00000249504	9606.ENSP00000304502	0	0	0	0	0.072	0	0	0.621	0.633
HOXD4	PBX4	9606.ENSP00000302548	9606.ENSP00000251203	0	0	0	0	0	0.342	0	0.188	0.443
HOXD4	TBX1	9606.ENSP00000302548	9606.ENSP00000331791	0	0	0	0	0.063	0.071	0	0.389	0.422
HOXD4	POLR2F	9606.ENSP00000302548	9606.ENSP00000385725	0	0	0	0	0	0	0.500	0	0.499
HPCAL4	MAPT	9606.ENSP00000481834	9606.ENSP00000340820	0	0	0	0	0.201	0.070	0	0.297	0.432
HPD	TH	9606.ENSP00000289004	9606.ENSP00000370571	0.095	0	0	0	0.242	0	0	0.254	0.443
HRC	HSF4	9606.ENSP00000252825	9606.ENSP00000430947	0	0	0	0	0.049	0.050	0	0.404	0.415
HRC	KLK4	9606.ENSP00000252825	9606.ENSP00000326159	0	0	0	0	0.042	0.046	0	0.653	0.655
HSPA1A	SERPINE1	9606.ENSP00000364802	9606.ENSP00000223095	0	0	0	0	0.063	0	0	0.413	0.427
HSPA1A	HSPA1L	9606.ENSP00000364802	9606.ENSP00000364805	0	0	0.048	0.984	0.108	0	0.500	0.387	0.705
HSPA1L	SLC11A1	9606.ENSP00000364805	9606.ENSP00000233202	0	0	0	0	0.070	0	0	0.482	0.498
IER5L	SLC35F3	9606.ENSP00000361569	9606.ENSP00000355577	0	0	0	0	0	0	0	0.425	0.425
IL17A	TIMP1	9606.ENSP00000497968	9606.ENSP00000218388	0	0	0	0	0	0	0.400	0.542	0.713
IL17A	SERPINE1	9606.ENSP00000497968	9606.ENSP00000223095	0	0	0	0	0.062	0	0	0.448	0.460
IL17A	IL7	9606.ENSP00000497968	9606.ENSP00000263851	0	0	0	0	0.044	0	0	0.832	0.833
IL17A	MMP3	9606.ENSP00000497968	9606.ENSP00000299855	0	0	0	0	0.090	0	0.400	0.602	0.763
IL17A	MMP1	9606.ENSP00000497968	9606.ENSP00000322788	0	0	0	0	0.076	0	0.400	0.523	0.712
IL17A	RORC	9606.ENSP00000497968	9606.ENSP00000327025	0	0	0	0	0.104	0.093	0	0.925	0.933
IL17A	PXDNL	9606.ENSP00000497968	9606.ENSP00000348645	0	0	0	0	0.054	0	0	0.610	0.616
IL17A	NGF	9606.ENSP00000497968	9606.ENSP00000358525	0	0	0	0	0.047	0	0	0.505	0.508
IL17A	RUNX3	9606.ENSP00000497968	9606.ENSP00000382800	0	0	0	0	0	0	0	0.415	0.414
IL17A	NFATC1	9606.ENSP00000497968	9606.ENSP00000389377	0	0	0	0	0	0	0	0.479	0.479
IL7	MS4A2	9606.ENSP00000263851	9606.ENSP00000278888	0	0	0.351	0	0.067	0	0	0.103	0.409
IL7	NGF	9606.ENSP00000263851	9606.ENSP00000358525	0	0	0	0	0	0	0	0.418	0.418
IL7	NOG	9606.ENSP00000263851	9606.ENSP00000328181	0	0	0	0	0	0	0	0.428	0.428
IL7	RORC	9606.ENSP00000263851	9606.ENSP00000327025	0	0	0	0	0	0	0	0.467	0.467
INSC	TH	9606.ENSP00000368872	9606.ENSP00000370571	0	0	0	0	0	0	0	0.471	0.471
IQSEC3	NRIP2	9606.ENSP00000437554	9606.ENSP00000337501	0	0	0	0	0.125	0	0	0.462	0.509
IQSEC3	TMEM236	9606.ENSP00000437554	9606.ENSP00000366715	0	0	0	0	0	0	0	0.509	0.509
IRX3	PBX4	9606.ENSP00000331608	9606.ENSP00000251203	0	0	0	0	0	0.261	0	0.266	0.434
IRX3	SIX2	9606.ENSP00000331608	9606.ENSP00000304502	0	0	0	0	0.107	0	0	0.407	0.448
IRX3	POU3F3	9606.ENSP00000331608	9606.ENSP00000355001	0	0	0	0	0.088	0	0	0.380	0.411
ITGBL1	MMP3	9606.ENSP00000365351	9606.ENSP00000299855	0	0	0	0	0.096	0.093	0	0.484	0.540
ITLN1	SERPINE1	9606.ENSP00000323587	9606.ENSP00000223095	0	0	0	0	0.058	0	0	0.437	0.446
ITLN1	SPINK4	9606.ENSP00000323587	9606.ENSP00000369045	0	0	0	0	0.199	0	0	0.466	0.554
JAG2	PLXNB3	9606.ENSP00000328169	9606.ENSP00000442736	0	0	0	0	0.105	0.051	0	0.390	0.436
JAG2	POLR2F	9606.ENSP00000328169	9606.ENSP00000385725	0	0	0	0	0	0.045	0	0.461	0.463
JAG2	MFNG	9606.ENSP00000328169	9606.ENSP00000349490	0	0	0	0	0.044	0.125	0	0.441	0.491
JPH3	SYPL2	9606.ENSP00000284262	9606.ENSP00000358888	0	0	0	0	0	0	0	0.730	0.730
KANK4	SLC4A11	9606.ENSP00000360195	9606.ENSP00000369399	0	0	0	0	0.042	0	0	0.569	0.570
KCNIP2	KCNIP3	9606.ENSP00000420040	9606.ENSP00000295225	0	0	0.058	0.959	0.084	0	0.400	0.078	0.459
KCNIP2	SCN3B	9606.ENSP00000420040	9606.ENSP00000376523	0	0	0	0	0.099	0	0	0.385	0.422
KCNIP2	KCNJ5	9606.ENSP00000420040	9606.ENSP00000433295	0	0	0	0	0.061	0	0	0.468	0.479
KCNJ14	KCNQ4	9606.ENSP00000375756	9606.ENSP00000262916	0	0	0	0	0	0	0.900	0.212	0.917
KCNJ14	KCNQ2	9606.ENSP00000375756	9606.ENSP00000352035	0	0	0	0	0	0	0.900	0.288	0.925
KCNJ14	SCN4A	9606.ENSP00000375756	9606.ENSP00000396320	0	0	0	0	0	0.071	0	0.415	0.434
KCNJ5	TUB	9606.ENSP00000433295	9606.ENSP00000305426	0	0	0	0	0.045	0	0	0.428	0.430
KCNJ5	SCN3B	9606.ENSP00000433295	9606.ENSP00000376523	0	0	0	0	0.076	0	0	0.594	0.609
KCNJ5	SCN4A	9606.ENSP00000433295	9606.ENSP00000396320	0	0	0	0	0.043	0.077	0	0.470	0.491
KCNQ2	KCNQ4	9606.ENSP00000352035	9606.ENSP00000262916	0	0	0.068	0.942	0.068	0	0.900	0.409	0.941
KCNQ2	SCN3B	9606.ENSP00000352035	9606.ENSP00000376523	0	0	0	0	0.143	0	0.400	0.310	0.614
KCNQ2	SCN4A	9606.ENSP00000352035	9606.ENSP00000396320	0	0	0	0	0.050	0.070	0.400	0.463	0.677
KCNQ2	PRRT2	9606.ENSP00000352035	9606.ENSP00000456226	0	0	0	0	0.189	0	0	0.663	0.715
KCNQ2	SPTBN4	9606.ENSP00000352035	9606.ENSP00000469242	0	0	0	0	0.157	0	0.500	0.747	0.884
KCNQ4	TMPRSS3	9606.ENSP00000262916	9606.ENSP00000411013	0	0	0	0	0.044	0	0	0.571	0.572
KCP	TTYH1	9606.ENSP00000479679	9606.ENSP00000365714	0	0	0	0	0	0	0	0.460	0.460
KLK4	SERPINE1	9606.ENSP00000326159	9606.ENSP00000223095	0	0	0	0	0.042	0.045	0	0.448	0.451
KLK4	TTC16	9606.ENSP00000326159	9606.ENSP00000362386	0	0	0	0	0	0.058	0	0.391	0.401
KLK4	SYT3	9606.ENSP00000326159	9606.ENSP00000340914	0	0	0	0	0.044	0	0	0.600	0.601
KLK4	NGF	9606.ENSP00000326159	9606.ENSP00000358525	0	0	0	0	0.042	0.098	0	0.756	0.770
KLK4	WDR72	9606.ENSP00000326159	9606.ENSP00000379619	0	0	0	0	0.042	0	0	0.862	0.862
KREMEN2	SFRP2	9606.ENSP00000304422	9606.ENSP00000274063	0	0	0	0	0	0	0	0.543	0.543
KREMEN2	WNT8B	9606.ENSP00000304422	9606.ENSP00000340677	0	0	0	0	0.044	0	0.400	0.085	0.429
LAMP5	SNCG	9606.ENSP00000246070	9606.ENSP00000361087	0	0	0	0	0.088	0	0	0.540	0.562
LRFN1	LRRC4C	9606.ENSP00000248668	9606.ENSP00000278198	0	0	0	0.626	0.056	0	0	0.448	0.456
LRFN1	NTNG1	9606.ENSP00000248668	9606.ENSP00000359085	0	0	0	0	0	0.295	0	0.331	0.508
LRFN1	NLGN1	9606.ENSP00000248668	9606.ENSP00000392500	0	0	0	0	0.056	0.045	0	0.600	0.608
LRRC4C	PLXNB3	9606.ENSP00000278198	9606.ENSP00000442736	0	0	0	0	0.074	0	0	0.402	0.423
LRRC4C	NLGN1	9606.ENSP00000278198	9606.ENSP00000392500	0	0	0	0	0.103	0.045	0	0.617	0.644
LRRC4C	NTNG1	9606.ENSP00000278198	9606.ENSP00000359085	0	0	0	0	0.097	0.948	0.900	0.999	0.999
MAP1LC3C	ULK3	9606.ENSP00000349785	9606.ENSP00000400312	0	0	0	0	0.118	0.323	0	0.390	0.604
MAPT	TUBB2B	9606.ENSP00000340820	9606.ENSP00000259818	0	0	0	0	0.082	0.929	0.900	0.254	0.994
MAPT	SYT1	9606.ENSP00000340820	9606.ENSP00000261205	0	0	0	0	0.149	0.097	0	0.634	0.694
MAPT	NTRK2	9606.ENSP00000340820	9606.ENSP00000277120	0	0	0	0	0.137	0.051	0	0.399	0.464
MAPT	UCHL1	9606.ENSP00000340820	9606.ENSP00000284440	0	0	0	0	0.087	0.095	0	0.690	0.721
MAPT	TNNT2	9606.ENSP00000340820	9606.ENSP00000499593	0	0	0	0	0	0	0	0.408	0.408
MAPT	NOS1AP	9606.ENSP00000340820	9606.ENSP00000355133	0	0	0	0	0.095	0	0	0.419	0.451
MAPT	SPTBN4	9606.ENSP00000340820	9606.ENSP00000469242	0	0	0	0	0.152	0.307	0	0.150	0.457
MAPT	NGF	9606.ENSP00000340820	9606.ENSP00000358525	0	0	0	0	0	0	0	0.494	0.494
MAPT	PXDNL	9606.ENSP00000340820	9606.ENSP00000348645	0	0	0	0	0	0	0	0.502	0.502
MAPT	TPPP	9606.ENSP00000340820	9606.ENSP00000353785	0	0	0	0	0.171	0.095	0	0.475	0.571
MAPT	PACSIN1	9606.ENSP00000340820	9606.ENSP00000484060	0	0	0	0	0.121	0.345	0	0.446	0.653
MAPT	NDUFA4L2	9606.ENSP00000340820	9606.ENSP00000377411	0	0	0	0	0.059	0	0.650	0	0.656
MAPT	TH	9606.ENSP00000340820	9606.ENSP00000370571	0	0	0	0	0	0	0	0.673	0.673
MEF2B	NFATC1	9606.ENSP00000402154	9606.ENSP00000389377	0	0	0	0	0.092	0	0.900	0.192	0.920
MEIS2	PBX4	9606.ENSP00000453793	9606.ENSP00000251203	0	0	0	0.589	0.068	0.801	0	0.322	0.863
MESP2	STK31	9606.ENSP00000342392	9606.ENSP00000348132	0	0	0	0	0.047	0	0	0.409	0.413
MGP	STC2	9606.ENSP00000228938	9606.ENSP00000265087	0	0	0	0	0	0	0	0.417	0.416
MMP1	TIMP1	9606.ENSP00000322788	9606.ENSP00000218388	0	0	0	0	0.123	0.935	0.400	0.984	0.999
MMP1	SERPINE1	9606.ENSP00000322788	9606.ENSP00000223095	0	0	0	0	0.208	0	0	0.726	0.773
MMP1	SNAI1	9606.ENSP00000322788	9606.ENSP00000244050	0	0	0	0	0.082	0	0	0.624	0.640
MMP1	MMP10	9606.ENSP00000322788	9606.ENSP00000279441	0	0	0.067	0.946	0.562	0	0.500	0.090	0.789
MMP1	MMP3	9606.ENSP00000322788	9606.ENSP00000299855	0	0	0.064	0.951	0.657	0	0.900	0.597	0.985
MMP1	PXDNL	9606.ENSP00000322788	9606.ENSP00000348645	0	0	0	0	0.048	0	0	0.462	0.466
MMP10	TIMP1	9606.ENSP00000279441	9606.ENSP00000218388	0	0	0	0	0.096	0.929	0	0.838	0.988
MMP10	SERPINE1	9606.ENSP00000279441	9606.ENSP00000223095	0	0	0	0	0.117	0	0	0.646	0.674
MMP10	MMP3	9606.ENSP00000279441	9606.ENSP00000299855	0	0	0.050	0.980	0.393	0.818	0.500	0.572	0.973
MMP3	TIMP1	9606.ENSP00000299855	9606.ENSP00000218388	0	0	0	0	0.115	0.952	0.400	0.998	0.999
MMP3	SERPINE1	9606.ENSP00000299855	9606.ENSP00000223095	0	0	0	0	0.154	0	0	0.861	0.877
MMP3	SNAI1	9606.ENSP00000299855	9606.ENSP00000244050	0	0	0	0	0.062	0	0	0.645	0.652
MMP3	NGF	9606.ENSP00000299855	9606.ENSP00000358525	0	0	0	0	0.083	0	0	0.418	0.443
MMP3	PXDNL	9606.ENSP00000299855	9606.ENSP00000348645	0	0	0	0	0.048	0	0	0.527	0.531
MPP2	SYT1	9606.ENSP00000428182	9606.ENSP00000261205	0	0	0	0	0.109	0	0	0.550	0.582
MPP2	POLR2F	9606.ENSP00000428182	9606.ENSP00000385725	0.059	0	0	0	0.401	0	0	0.155	0.482
MYOZ1	TNNT2	9606.ENSP00000352272	9606.ENSP00000499593	0	0	0	0	0.387	0	0	0.312	0.561
MYOZ1	PGM5	9606.ENSP00000352272	9606.ENSP00000379678	0	0	0	0	0.076	0	0	0.548	0.564
MYOZ1	TNNT1	9606.ENSP00000352272	9606.ENSP00000467176	0	0	0	0	0.418	0	0	0.631	0.776
NACAD	TMEM59L	9606.ENSP00000420477	9606.ENSP00000470879	0	0	0	0	0.326	0.078	0	0.112	0.400
NAT1	NRG1	9606.ENSP00000443194	9606.ENSP00000287842	0	0	0	0	0	0.091	0	0.395	0.426
NAT8L	RIMKLB	9606.ENSP00000413064	9606.ENSP00000350136	0	0	0	0	0	0	0.900	0.653	0.963
NAV3	SYT1	9606.ENSP00000381007	9606.ENSP00000261205	0	0	0	0	0.084	0	0	0.456	0.481
NFATC1	SNAI1	9606.ENSP00000389377	9606.ENSP00000244050	0	0	0	0	0.097	0	0	0.432	0.466
NFATC1	PXDNL	9606.ENSP00000389377	9606.ENSP00000348645	0	0	0	0	0.051	0	0	0.481	0.487
NFATC1	RUNX3	9606.ENSP00000389377	9606.ENSP00000382800	0	0	0	0	0.141	0	0	0.635	0.673
NGF	NGFR	9606.ENSP00000358525	9606.ENSP00000172229	0	0	0	0	0	0.863	0.900	0.999	0.999
NGF	TIMP1	9606.ENSP00000358525	9606.ENSP00000218388	0	0	0	0	0	0	0	0.425	0.425
NGF	SERPINE1	9606.ENSP00000358525	9606.ENSP00000223095	0	0	0	0	0.097	0	0	0.383	0.419
NGF	NTRK2	9606.ENSP00000358525	9606.ENSP00000277120	0	0	0	0	0	0.046	0.650	0.999	0.999
NGF	UCHL1	9606.ENSP00000358525	9606.ENSP00000284440	0	0	0	0	0.067	0	0	0.574	0.585
NGF	NRG1	9606.ENSP00000358525	9606.ENSP00000287842	0	0	0	0	0.074	0	0	0.709	0.719
NGF	NOG	9606.ENSP00000358525	9606.ENSP00000328181	0	0	0	0	0	0	0	0.440	0.440
NGF	PXDNL	9606.ENSP00000358525	9606.ENSP00000348645	0	0	0	0	0	0	0	0.683	0.683
NGF	SEMA6C	9606.ENSP00000358525	9606.ENSP00000357909	0	0	0	0	0.042	0	0	0.492	0.492
NGF	TH	9606.ENSP00000358525	9606.ENSP00000370571	0	0	0	0	0	0	0	0.791	0.791
NGFR	UCHL1	9606.ENSP00000172229	9606.ENSP00000284440	0	0	0	0	0	0	0	0.400	0.400
NGFR	PXDNL	9606.ENSP00000172229	9606.ENSP00000348645	0	0	0	0	0	0	0	0.427	0.427
NGFR	NTRK2	9606.ENSP00000172229	9606.ENSP00000277120	0	0	0	0	0.097	0.367	0	0.985	0.990
NLGN1	SYT1	9606.ENSP00000392500	9606.ENSP00000261205	0	0	0	0	0.156	0	0	0.511	0.570
NLGN1	NTRK2	9606.ENSP00000392500	9606.ENSP00000277120	0	0	0	0	0.127	0.051	0	0.483	0.534
NLGN1	NLGN3	9606.ENSP00000392500	9606.ENSP00000351591	0	0	0.056	0.968	0.117	0.330	0.500	0.393	0.799
NLGN1	NTNG1	9606.ENSP00000392500	9606.ENSP00000359085	0	0	0	0	0.128	0.092	0	0.366	0.454
NLGN3	SYT1	9606.ENSP00000351591	9606.ENSP00000261205	0	0	0	0	0.156	0	0	0.348	0.426
NLGN3	NTRK2	9606.ENSP00000351591	9606.ENSP00000277120	0	0	0	0	0.145	0.051	0	0.328	0.408
NMB	NMUR1	9606.ENSP00000378089	9606.ENSP00000305877	0	0	0	0	0	0	0.500	0.324	0.647
NMB	QRFP	9606.ENSP00000378089	9606.ENSP00000485512	0	0	0	0	0	0	0	0.433	0.433
NMUR1	RGS16	9606.ENSP00000305877	9606.ENSP00000356529	0	0	0	0	0	0	0.500	0	0.499
NNAT	PTH1R	9606.ENSP00000497164	9606.ENSP00000402723	0	0	0	0	0.060	0	0	0.548	0.556
NOG	SFRP2	9606.ENSP00000328181	9606.ENSP00000274063	0	0	0	0	0	0	0	0.647	0.647
NOG	VWC2	9606.ENSP00000328181	9606.ENSP00000341819	0	0	0	0	0	0	0	0.591	0.591
NRG1	NTRK2	9606.ENSP00000287842	9606.ENSP00000277120	0	0	0	0	0	0.084	0	0.372	0.400
NRG1	PRX	9606.ENSP00000287842	9606.ENSP00000326018	0	0	0	0	0	0.098	0	0.457	0.489
NRIP2	SUSD5	9606.ENSP00000337501	9606.ENSP00000308727	0	0	0	0	0.049	0	0	0.532	0.536
NRIP2	UBQLNL	9606.ENSP00000337501	9606.ENSP00000369531	0	0	0	0	0.103	0.275	0	0.160	0.406
NTNG1	SLIT1	9606.ENSP00000359085	9606.ENSP00000266058	0	0	0	0	0	0.295	0	0.456	0.600
NTNG1	NTRK2	9606.ENSP00000359085	9606.ENSP00000277120	0	0	0	0	0.059	0.090	0	0.448	0.487
NTRK2	SYT1	9606.ENSP00000277120	9606.ENSP00000261205	0	0	0	0	0.151	0	0	0.350	0.425
NTRK2	PPARGC1A	9606.ENSP00000277120	9606.ENSP00000264867	0	0	0	0	0.084	0.049	0	0.375	0.408
NTRK2	UCN	9606.ENSP00000277120	9606.ENSP00000296099	0	0	0	0	0	0	0	0.403	0.403
NTRK2	UCHL1	9606.ENSP00000277120	9606.ENSP00000284440	0	0	0	0	0.126	0.100	0	0.312	0.412
NTRK2	PLXNB3	9606.ENSP00000277120	9606.ENSP00000442736	0	0	0	0	0.106	0.100	0	0.341	0.423
NTRK2	TH	9606.ENSP00000277120	9606.ENSP00000370571	0	0	0	0	0	0	0	0.580	0.580
OXTR	TH	9606.ENSP00000324270	9606.ENSP00000370571	0	0	0	0	0.063	0	0	0.406	0.420
PABPC1L	PATL2	9606.ENSP00000255136	9606.ENSP00000416673	0	0	0	0	0.116	0.263	0	0.264	0.479
PALM	SYT1	9606.ENSP00000341911	9606.ENSP00000261205	0	0	0	0	0.086	0	0	0.587	0.606
PALM	PRXL2A	9606.ENSP00000341911	9606.ENSP00000482445	0	0	0	0	0.067	0	0	0.524	0.536
PCDHB12	PCDHB15	9606.ENSP00000239450	9606.ENSP00000231173	0	0	0.052	0.976	0.631	0	0	0.059	0.642
PCDHB15	UGT2B7	9606.ENSP00000231173	9606.ENSP00000304811	0	0	0	0	0	0	0	0.409	0.409
PCDHB2	UGT2A3	9606.ENSP00000194155	9606.ENSP00000251566	0	0	0	0	0	0	0	0.403	0.403
PDZD4	PLXNB3	9606.ENSP00000377355	9606.ENSP00000442736	0	0	0	0	0.151	0	0	0.390	0.460
PIANP	PLEKHM3	9606.ENSP00000442157	9606.ENSP00000417003	0	0	0	0	0	0	0	0.433	0.433
PKD2L1	TRPM5	9606.ENSP00000325296	9606.ENSP00000155858	0	0	0	0	0.047	0	0	0.947	0.947
PKD2L1	TAS2R38	9606.ENSP00000325296	9606.ENSP00000448219	0	0	0	0	0	0	0	0.404	0.404
PKD2L1	TAS1R1	9606.ENSP00000325296	9606.ENSP00000331867	0	0	0	0	0	0	0	0.718	0.718
PLIN1	PPARGC1A	9606.ENSP00000300055	9606.ENSP00000264867	0	0	0	0	0	0	0.500	0.593	0.788
PLIN1	PXDNL	9606.ENSP00000300055	9606.ENSP00000348645	0	0	0	0	0.055	0	0	0.414	0.423
PLIN1	PLIN4	9606.ENSP00000300055	9606.ENSP00000488481	0	0	0	0	0.445	0	0	0.967	0.980
PLXNB3	SEMA6C	9606.ENSP00000442736	9606.ENSP00000357909	0	0	0	0	0.086	0.225	0	0.320	0.476
PNPLA7	POLR2F	9606.ENSP00000384610	9606.ENSP00000385725	0	0	0	0	0	0.412	0	0.114	0.456
POU3F3	SALL1	9606.ENSP00000355001	9606.ENSP00000251020	0	0	0	0	0.109	0.110	0	0.365	0.452
POU3F3	TCF7L1	9606.ENSP00000355001	9606.ENSP00000282111	0	0	0	0	0.061	0.054	0	0.463	0.481
POU3F3	SIX2	9606.ENSP00000355001	9606.ENSP00000304502	0	0	0	0	0.060	0	0	0.421	0.433
PPARGC1A	SERPINE1	9606.ENSP00000264867	9606.ENSP00000223095	0	0	0	0	0.064	0	0	0.391	0.405
PPARGC1A	TH	9606.ENSP00000264867	9606.ENSP00000370571	0	0	0	0	0	0	0	0.433	0.433
PPARGC1A	TBX1	9606.ENSP00000264867	9606.ENSP00000331791	0	0	0	0	0	0	0	0.509	0.509
PPARGC1A	PXDNL	9606.ENSP00000264867	9606.ENSP00000348645	0	0	0	0	0.067	0	0	0.605	0.615
PRRT2	SYT1	9606.ENSP00000456226	9606.ENSP00000261205	0	0	0	0	0.173	0.046	0	0.801	0.830
PRRT2	VWC2	9606.ENSP00000456226	9606.ENSP00000341819	0	0	0	0	0.097	0	0	0.427	0.460
PRRT2	YPEL3	9606.ENSP00000456226	9606.ENSP00000381821	0	0	0	0	0.059	0	0	0.551	0.559
PTH1R	SCT	9606.ENSP00000402723	9606.ENSP00000176195	0	0	0	0	0.048	0	0	0.620	0.622
PTH1R	UCN	9606.ENSP00000402723	9606.ENSP00000296099	0	0	0	0	0	0.307	0.500	0.177	0.689
PTH1R	SLC34A3	9606.ENSP00000402723	9606.ENSP00000442397	0	0	0	0	0.060	0	0	0.518	0.528
PTPRN	SPTBN4	9606.ENSP00000295718	9606.ENSP00000469242	0	0	0	0	0.211	0.292	0	0.498	0.695
PXDNL	TIMP1	9606.ENSP00000348645	9606.ENSP00000218388	0	0	0	0	0.056	0	0	0.518	0.526
PXDNL	SERPINE1	9606.ENSP00000348645	9606.ENSP00000223095	0	0	0	0	0.057	0	0	0.512	0.520
PXDNL	SNAI1	9606.ENSP00000348645	9606.ENSP00000244050	0	0	0	0	0.053	0	0	0.620	0.624
PXDNL	UCHL1	9606.ENSP00000348645	9606.ENSP00000284440	0	0	0	0	0	0	0	0.451	0.451
PXDNL	TH	9606.ENSP00000348645	9606.ENSP00000370571	0	0	0	0	0	0	0	0.743	0.743
RAB3IL1	RAB6B	9606.ENSP00000378313	9606.ENSP00000285208	0	0	0	0	0.056	0.071	0	0.437	0.463
RNF224	SLC34A3	9606.ENSP00000406665	9606.ENSP00000442397	0	0	0	0	0.631	0	0	0	0.631
ROBO3	SLIT1	9606.ENSP00000380903	9606.ENSP00000266058	0	0	0	0	0	0.097	0	0.944	0.947
RORC	RUNX3	9606.ENSP00000327025	9606.ENSP00000382800	0	0	0	0	0	0	0.750	0.419	0.848
RTL5	RTL8C	9606.ENSP00000476792	9606.ENSP00000257013	0	0	0	0	0.068	0	0	0.672	0.681
RUNX3	SFRP2	9606.ENSP00000382800	9606.ENSP00000274063	0	0	0	0	0	0	0	0.412	0.412
RUNX3	TCF7L1	9606.ENSP00000382800	9606.ENSP00000282111	0	0	0	0	0.060	0	0.500	0.116	0.548
SALL1	SIX4	9606.ENSP00000251020	9606.ENSP00000216513	0	0	0	0	0.088	0	0	0.449	0.477
SALL1	SIX1	9606.ENSP00000251020	9606.ENSP00000494686	0	0	0	0	0.062	0	0	0.806	0.810
SALL1	SIX2	9606.ENSP00000251020	9606.ENSP00000304502	0	0	0	0	0.062	0	0	0.859	0.862
SCN3B	SPTBN4	9606.ENSP00000376523	9606.ENSP00000469242	0	0	0	0	0.109	0	0.500	0.060	0.544
SCN3B	SCN4A	9606.ENSP00000376523	9606.ENSP00000396320	0	0	0	0	0.071	0	0.720	0.822	0.949
SCN4A	SPTBN4	9606.ENSP00000396320	9606.ENSP00000469242	0	0	0	0	0.055	0	0.500	0.204	0.591
SCT	SCTR	9606.ENSP00000176195	9606.ENSP00000019103	0	0	0	0	0.048	0.926	0.900	0.998	0.999
SCTR	UCN	9606.ENSP00000019103	9606.ENSP00000296099	0	0	0	0	0	0.307	0	0.245	0.454
SERPINE1	TIMP1	9606.ENSP00000223095	9606.ENSP00000218388	0	0	0	0	0.269	0	0	0.791	0.840
SERPINE1	SNAI1	9606.ENSP00000223095	9606.ENSP00000244050	0	0	0	0	0.086	0	0	0.514	0.536
SFRP2	WNT16	9606.ENSP00000274063	9606.ENSP00000222462	0	0	0	0	0	0.234	0.650	0.430	0.834
SFRP2	WNT8B	9606.ENSP00000274063	9606.ENSP00000340677	0	0	0	0	0	0.234	0.650	0.446	0.838
SFRP2	WNT10B	9606.ENSP00000274063	9606.ENSP00000301061	0	0	0	0	0	0.173	0.650	0.497	0.841
SIX1	SIX4	9606.ENSP00000494686	9606.ENSP00000216513	0	0	0	0.936	0.389	0	0	0.406	0.622
SIX1	SNAI1	9606.ENSP00000494686	9606.ENSP00000244050	0	0	0	0	0.049	0.059	0	0.468	0.482
SIX1	TBX1	9606.ENSP00000494686	9606.ENSP00000331791	0	0	0	0	0.086	0	0	0.421	0.448
SLC28A2	SLC29A4	9606.ENSP00000315006	9606.ENSP00000380081	0	0	0	0	0.061	0	0	0.699	0.705
SLC4A4	TSPEAR	9606.ENSP00000393557	9606.ENSP00000321987	0	0	0	0	0	0	0	0.548	0.548
SNAI1	TIMP1	9606.ENSP00000244050	9606.ENSP00000218388	0	0	0	0	0.116	0	0	0.418	0.463
SNAI1	ZNF385A	9606.ENSP00000244050	9606.ENSP00000338927	0	0	0	0	0.060	0.053	0	0.401	0.420
SPINK4	ZG16	9606.ENSP00000369045	9606.ENSP00000383563	0	0	0	0	0.320	0	0	0.378	0.559
STAG3	TEX11	9606.ENSP00000477973	9606.ENSP00000379226	0	0	0	0	0.048	0	0	0.574	0.577
STK33	TUB	9606.ENSP00000416750	9606.ENSP00000305426	0	0	0	0	0.097	0	0	0.437	0.470
SULT1B1	UGT2A3	9606.ENSP00000308770	9606.ENSP00000251566	0	0	0	0	0.099	0	0	0.631	0.653
SULT1B1	UGT2B7	9606.ENSP00000308770	9606.ENSP00000304811	0	0	0	0	0.067	0	0	0.631	0.641
SYT1	SYT8	9606.ENSP00000261205	9606.ENSP00000371394	0	0	0.074	0.895	0	0	0.500	0.173	0.584
SYT3	SYT8	9606.ENSP00000340914	9606.ENSP00000371394	0	0	0	0.736	0.044	0	0	0.471	0.472
TAS1R1	TRPM5	9606.ENSP00000331867	9606.ENSP00000155858	0	0	0	0	0.074	0	0	0.787	0.795
TAS1R1	TAS2R38	9606.ENSP00000331867	9606.ENSP00000448219	0	0	0	0	0.072	0	0.500	0.712	0.855
TAS2R38	TRPM5	9606.ENSP00000448219	9606.ENSP00000155858	0	0	0	0	0	0	0	0.556	0.556
TCF7L1	WNT8B	9606.ENSP00000282111	9606.ENSP00000340677	0	0	0	0	0	0.129	0	0.397	0.453
TEKT2	VWA3A	9606.ENSP00000207457	9606.ENSP00000374049	0	0	0.218	0	0.122	0	0	0.346	0.511
TH	UCHL1	9606.ENSP00000370571	9606.ENSP00000284440	0	0	0	0	0	0	0	0.631	0.631
TMEM88	VWC2	9606.ENSP00000301599	9606.ENSP00000341819	0	0	0	0	0	0	0	0.435	0.435
TMPRSS3	TSPEAR	9606.ENSP00000411013	9606.ENSP00000321987	0	0	0	0	0	0.051	0	0.447	0.452
TNNT1	TNNT2	9606.ENSP00000467176	9606.ENSP00000499593	0	0	0.056	0.946	0.056	0.443	0.900	0.082	0.946
TNNT1	TPM2	9606.ENSP00000467176	9606.ENSP00000496494	0	0	0	0	0.317	0.281	0.500	0.915	0.976
TNNT2	TPM2	9606.ENSP00000499593	9606.ENSP00000496494	0	0	0	0	0.322	0.281	0.900	0.400	0.966
TUBB2B	UCHL1	9606.ENSP00000259818	9606.ENSP00000284440	0	0	0	0	0.222	0.292	0	0.077	0.447
ULBP1	ULBP2	9606.ENSP00000229708	9606.ENSP00000356320	0	0	0.060	0.956	0.097	0	0.900	0.082	0.911
WNT10B	WNT16	9606.ENSP00000301061	9606.ENSP00000222462	0	0	0	0.833	0.057	0	0.500	0.151	0.564
WNT10B	WNT8B	9606.ENSP00000301061	9606.ENSP00000340677	0	0	0	0.801	0.059	0	0.500	0.192	0.587
WNT16	WNT8B	9606.ENSP00000222462	9606.ENSP00000340677	0	0	0	0.838	0	0	0.500	0.149	0.556
YPEL3	ZG16	9606.ENSP00000381821	9606.ENSP00000383563	0	0	0	0	0	0	0	0.476	0.476
