,V1
TCGA-AA-3517,0.18
TCGA-AA-3529,0.18
TCGA-AA-A00Z,0.2
TCGA-A6-2674,1.01333333333333
TCGA-AA-3521,0.26
TCGA-AA-3524,0.26
TCGA-AA-3556,0.26
TCGA-AA-3531,0.28
TCGA-AA-3538,0.28
TCGA-AA-3548,0.3
TCGA-AA-3549,0.3
TCGA-AA-3560,0.3
TCGA-AA-3561,0.3
TCGA-AA-3519,0.34
TCGA-AA-3520,0.34
TCGA-AA-3544,0.34
TCGA-AA-3522,0.36
TCGA-AA-3532,0.36
TCGA-AA-3534,0.4
TCGA-A6-2678,0.44
TCGA-AA-3526,0.44
TCGA-AA-3514,0.52
TCGA-A6-2683,0.58
TCGA-AZ-4323,0.66
TCGA-CA-5255,0.72
TCGA-A6-2685,0.78
TCGA-AA-A017,0.8
TCGA-A6-5664,0.82
TCGA-AA-3860,0.82
TCGA-A6-A567,0.86
TCGA-CM-5863,0.88
TCGA-AA-A01S,0.9
TCGA-CK-6748,0.9
TCGA-AA-A02F,0.92
TCGA-A6-5667,0.94
TCGA-AA-3858,0.94
TCGA-CM-5344,0.94
TCGA-CK-5912,0.96
TCGA-DM-A1DB,0.96
TCGA-A6-5662,0.98
TCGA-CM-6679,1
TCGA-F4-6704,1
TCGA-CM-4748,1.02
TCGA-D5-5541,1.02
TCGA-AA-3856,1.04
TCGA-AM-5820,1.04
TCGA-CA-5796,1.04
TCGA-G4-6321,1.04
TCGA-CA-5797,1.06
TCGA-AA-3679,1.08
TCGA-AZ-4308,1.08
TCGA-AA-3692,1.1
TCGA-AD-6963,1.1
TCGA-F4-6805,1.1
TCGA-5M-AATA,1.12
TCGA-AA-A01X,1.12
TCGA-AY-A8YK,1.12
TCGA-AZ-4684,1.14
TCGA-AZ-6607,1.14
TCGA-DM-A288,1.14
TCGA-G4-6307,1.14
TCGA-5M-AAT5,1.16
TCGA-AA-3841,1.16
TCGA-AA-3872,1.16
TCGA-AZ-5403,1.16
TCGA-F4-6463,1.16
TCGA-A6-2671,1.18
TCGA-AA-3667,1.18
TCGA-AA-3869,1.18
TCGA-AA-A004,1.18
TCGA-CM-6164,1.18
TCGA-CM-6675,1.18
TCGA-AA-3673,1.2
TCGA-AA-A024,1.2
TCGA-AA-3488,1.22
TCGA-AA-3678,1.22
TCGA-AA-3688,1.24
TCGA-AA-A02H,1.24
TCGA-CK-5915,1.24
TCGA-G4-6298,1.24
TCGA-AD-A5EK,1.26
TCGA-CA-5256,1.26
TCGA-AA-3662,1.28
TCGA-AZ-4682,1.28
TCGA-AZ-6603,1.28
TCGA-CM-4747,1.28
TCGA-CM-5862,1.28
TCGA-D5-6898,1.28
TCGA-A6-2682,1.3
TCGA-A6-6142,1.3
TCGA-AA-3973,1.3
TCGA-AA-3986,1.3
TCGA-AA-A01C,1.3
TCGA-CM-6167,1.3
TCGA-G4-6323,1.3
TCGA-NH-A50U,1.3
TCGA-NH-A6GA,1.3
TCGA-A6-6652,1.32
TCGA-AA-3655,1.32
TCGA-AA-3971,1.32
TCGA-AA-A03J,1.32
TCGA-AZ-4681,1.34
TCGA-CA-6715,1.34
TCGA-CM-4750,1.34
TCGA-CM-5868,1.34
TCGA-CM-6166,1.34
TCGA-G4-6297,1.34
TCGA-G4-6322,1.34
TCGA-A6-2675,1.36
TCGA-A6-6651,1.36
TCGA-AA-3696,1.36
TCGA-AA-3972,1.36
TCGA-AZ-6605,1.36
TCGA-A6-A5ZU,1.38
TCGA-AA-A029,1.38
TCGA-AA-A02W,1.38
TCGA-CM-6161,1.38
TCGA-CM-6680,1.38
TCGA-AA-3509,1.4
TCGA-AA-3675,1.4
TCGA-AA-3842,1.4
TCGA-AA-A00O,1.4
TCGA-CM-6172,1.4
TCGA-DM-A28E,1.4
TCGA-AA-3976,1.42
TCGA-CM-6170,1.42
TCGA-G4-6627,1.42
TCGA-4N-A93T,1.44
TCGA-AA-3685,1.44
TCGA-G4-6303,1.44
TCGA-AA-3846,1.46
TCGA-AA-3851,1.46
TCGA-AA-3862,1.46
TCGA-CM-4751,1.46
TCGA-DM-A28M,1.46
TCGA-QG-A5YX,1.46
TCGA-AA-3952,1.48
TCGA-AY-A71X,1.48
TCGA-AZ-4616,1.48
TCGA-D5-5539,1.48
TCGA-A6-5666,1.5
TCGA-AA-3494,1.5
TCGA-A6-A56B,1.52
TCGA-AA-A01T,1.52
TCGA-CM-5349,1.52
TCGA-DM-A282,1.52
TCGA-AA-3530,1.54
TCGA-AA-3814,1.54
TCGA-CM-6676,1.54
TCGA-D5-5537,1.54
TCGA-D5-6541,1.54
TCGA-G4-6317,1.85
TCGA-A6-2684,1.65
TCGA-A6-5656,1.57
TCGA-A6-6648,1.56
TCGA-AZ-5407,1.56
TCGA-CM-6163,1.56
TCGA-AA-3489,1.58
TCGA-AA-3496,1.58
TCGA-DM-A1D6,1.58
TCGA-A6-3807,1.6
TCGA-AA-3980,1.6
TCGA-CK-4947,1.6
TCGA-D5-6539,1.6
TCGA-F4-6806,1.6
TCGA-F4-6855,1.62
TCGA-G4-6310,1.62
TCGA-NH-A8F7,1.84
TCGA-AA-3867,1.64
TCGA-AU-3779,1.64
TCGA-D5-5540,1.64
TCGA-DM-A28K,1.64
TCGA-QG-A5Z1,1.64
TCGA-D5-6529,1.66
TCGA-D5-6922,1.66
TCGA-D5-6926,1.66
TCGA-A6-6138,1.68
TCGA-AA-A01Z,1.68
TCGA-D5-7000,1.68
TCGA-A6-2680,1.7
TCGA-CM-5860,1.7
TCGA-CM-6165,1.7
TCGA-AA-3850,1.72
TCGA-AA-3861,1.72
TCGA-AD-6888,1.72
TCGA-AD-6890,1.72
TCGA-D5-6532,1.72
TCGA-DM-A28C,1.72
TCGA-AY-5543,1.74
TCGA-CK-4948,1.74
TCGA-D5-5538,1.74
TCGA-D5-6536,1.74
TCGA-D5-6537,1.74
TCGA-G4-6625,1.74
TCGA-NH-A8F8,1.74
TCGA-A6-6649,1.76
TCGA-A6-6650,1.92
TCGA-AA-3495,1.76
TCGA-AA-3866,1.76
TCGA-AY-6386,1.76
TCGA-CM-6169,1.76
TCGA-DM-A280,1.78
TCGA-DM-A1D0,1.8
TCGA-A6-5657,1.82
TCGA-AA-3812,1.84
TCGA-AA-3831,1.84
TCGA-AA-A01I,1.84
TCGA-D5-6920,1.84
TCGA-AA-3511,1.86
TCGA-DM-A28G,1.86
TCGA-G4-6293,1.86
TCGA-AD-6548,1.88
TCGA-A6-2677,1.98
TCGA-AA-3680,1.9
TCGA-AA-3941,1.9
TCGA-AA-3989,1.9
TCGA-AA-A01V,1.9
TCGA-CA-6719,1.9
TCGA-G4-6306,1.9
TCGA-AA-3681,1.92
TCGA-AA-3844,1.92
TCGA-AD-6965,1.92
TCGA-AY-4071,1.92
TCGA-F4-6569,1.92
TCGA-AA-A02Y,1.94
TCGA-A6-6137,1.96
TCGA-AA-3870,1.96
TCGA-AA-A02J,1.96
TCGA-F4-6854,1.96
TCGA-AA-3939,1.98
TCGA-CM-4752,1.98
TCGA-NH-A6GC,1.98
TCGA-3L-AA1B,2
TCGA-A6-3810,2.27
TCGA-AZ-6606,2
TCGA-DM-A0XF,2
TCGA-5M-AATE,2.02
TCGA-AA-3982,2.02
TCGA-G4-6626,2.02
TCGA-A6-5660,2.04
TCGA-DM-A28H,2.04
TCGA-RU-A8FL,2.04
TCGA-F4-6808,2.06
TCGA-AA-3712,2.08
TCGA-DM-A28A,2.08
TCGA-F4-6459,2.08
TCGA-4T-AA8H,2.1
TCGA-AA-3684,2.1
TCGA-AA-A03F,2.1
TCGA-AA-3855,2.12
TCGA-AA-3875,2.12
TCGA-AA-3955,2.12
TCGA-AA-3968,2.12
TCGA-AA-A01D,2.12
TCGA-D5-6929,2.12
TCGA-DM-A1D9,2.12
TCGA-AA-3660,2.14
TCGA-CM-6678,2.16
TCGA-G4-6311,2.18
TCGA-A6-6782,2.2
TCGA-AA-3854,2.2
TCGA-AA-3956,2.2
TCGA-CM-6677,2.2
TCGA-D5-6932,2.2
TCGA-DM-A1D7,2.2
TCGA-A6-2681,2.22
TCGA-D5-6924,2.22
TCGA-NH-A50T,2.22
TCGA-AA-A01K,2.24
TCGA-CK-5914,2.24
TCGA-F4-6461,2.24
TCGA-AA-3818,2.26
TCGA-AA-3848,2.26
TCGA-AA-3975,2.26
TCGA-D5-6538,2.26
TCGA-F4-6460,2.26
TCGA-AA-3852,2.28
TCGA-AA-A02K,2.28
TCGA-AZ-6600,2.28
TCGA-G4-6314,2.28
TCGA-A6-3808,2.3
TCGA-AA-3837,2.3
TCGA-AY-4070,2.3
TCGA-AA-3693,2.32
TCGA-AD-6899,2.34
TCGA-CK-4952,2.34
TCGA-CA-6716,2.36
TCGA-G4-6315,2.36
TCGA-AA-3979,2.38
TCGA-AY-A54L,2.38
TCGA-CM-4744,2.38
TCGA-NH-A50V,2.38
TCGA-A6-2679,2.4
TCGA-AA-3967,2.4
TCGA-AZ-6608,2.4
TCGA-DM-A1HA,2.4
TCGA-QG-A5YW,2.4
TCGA-AA-3664,2.42
TCGA-G4-6295,2.44
TCGA-F4-6809,2.46
TCGA-AA-3506,2.48
TCGA-DM-A1D8,2.48
TCGA-AA-3695,2.52
TCGA-NH-A6GB,2.52
TCGA-D5-6533,2.56
TCGA-AA-A02E,2.6
TCGA-CM-5341,2.6
TCGA-D5-6534,2.6
TCGA-G4-6299,2.6
TCGA-DM-A0XD,2.62
TCGA-G4-6294,2.62
TCGA-DM-A285,2.64
TCGA-QG-A5YV,2.64
TCGA-SS-A7HO,2.64
TCGA-A6-4105,2.68
TCGA-F4-6807,2.68
TCGA-A6-A566,2.74
TCGA-D5-6535,2.74
TCGA-AA-A02O,2.8
TCGA-CK-6751,2.8
TCGA-CM-5348,2.8
TCGA-DM-A1D4,2.8
TCGA-CK-4950,2.82
TCGA-CK-6747,2.82
TCGA-T9-A92H,2.82
TCGA-A6-5659,3.06
TCGA-A6-6654,2.86
TCGA-AZ-4614,2.86
TCGA-A6-4107,2.9
TCGA-AA-3502,2.96
TCGA-AA-3930,2.96
TCGA-AA-3994,2.96
TCGA-5M-AAT4,3
TCGA-AA-3666,3
TCGA-AA-3819,3
TCGA-CM-5864,3.02
TCGA-DM-A0X9,3.02
TCGA-D5-6531,3.1
TCGA-AY-A69D,3.22
TCGA-CA-5254,3.3
TCGA-AA-3697,3.32
TCGA-CM-6168,3.54
TCGA-AY-6196,3.76
TCGA-QL-A97D,3.78
TCGA-AZ-6599,3.8
TCGA-DM-A28F,3.82
TCGA-AD-6901,4.14
TCGA-DM-A1DA,4.74
TCGA-D5-6931,4.98
TCGA-A6-A565,5.66
TCGA-F4-6703,7.48
TCGA-AA-A01P,13.28
TCGA-AA-3833,11.26
TCGA-D5-6927,12.48
TCGA-CM-4746,13.44
TCGA-AA-3821,14.46
TCGA-CK-5913,14.74
TCGA-G4-6309,14.74
TCGA-G4-6302,15.56
TCGA-CM-6674,15.84
TCGA-G4-6304,15.86
TCGA-AA-3815,16.02
TCGA-AA-3845,17.36
TCGA-AU-6004,17.82
TCGA-A6-3809,20.1
TCGA-F4-6856,17.94
TCGA-CM-6162,18.12
TCGA-G4-6320,18.26
TCGA-A6-6781,29.9533333333333
TCGA-QG-A5Z2,18.64
TCGA-AZ-4615,18.74
TCGA-AA-3713,19
TCGA-D5-6530,19.5
TCGA-AA-3877,19.72
TCGA-AY-6197,19.78
TCGA-AA-3950,19.84
TCGA-A6-6653,19.88
TCGA-AZ-4313,20.1
TCGA-A6-6780,21.24
TCGA-AA-3949,20.74
TCGA-DM-A1HB,20.92
TCGA-G4-6586,21
TCGA-AA-3966,22.67
TCGA-A6-2672,21.52
TCGA-D5-6930,21.52
TCGA-CM-4743,21.58
TCGA-CM-6171,21.58
TCGA-AA-A02R,21.66
TCGA-A6-5661,21.82
TCGA-AM-5821,22.12
TCGA-CK-6746,22.12
TCGA-D5-6540,22.64
TCGA-AA-A022,25.12
TCGA-CM-5861,25.6
TCGA-CK-5916,25.82
TCGA-AA-3811,28.37
TCGA-AD-6964,26.84
TCGA-AD-5900,26.86
TCGA-AA-A01R,28.88
TCGA-AD-A5EJ,27.6
TCGA-AD-6895,28.34
TCGA-D5-6928,28.86
TCGA-F4-6570,30.28
TCGA-AD-6889,31.24
TCGA-AA-3672,32
TCGA-A6-5665,32.89
TCGA-AZ-6601,33.76
TCGA-G4-6628,35.14
TCGA-5M-AAT6,35.16
TCGA-AA-3663,35.4
TCGA-AA-3492,36.94
TCGA-G4-6588,37.06
TCGA-A6-2686,38.74
TCGA-AA-3947,40.34
TCGA-AA-3715,40.78
TCGA-AA-3864,42.64
TCGA-AZ-6598,43.3
TCGA-NH-A5IV,43.9
TCGA-WS-AB45,46.62
TCGA-AA-3510,54.32
TCGA-CA-6718,59.02
TCGA-AA-3977,67.74
TCGA-CK-4951,71.68
TCGA-AA-3984,82.53
TCGA-AA-A00N,81.24
TCGA-AZ-4315,111.1
TCGA-AA-A010,130.04
TCGA-CA-6717,145.42
